16/12/2023,009858MA42001,KALOIS,42,BOTIN RUSTICO MARRON-GOMA,180.00,98.00,CAJAMARCA
16/12/2023,009859MA38001,KALOIS,38,BOTIN NEGRO CRUST-GOMA,180.00,100.00,CAJAMARCA
16/12/2023,009859MA38002,KALOIS,38,BOTIN NEGRO CRUST-GOMA,180.00,100.00,CAJAMARCA
16/12/2023,009859MA39001,KALOIS,39,BOTIN NEGRO CRUST-GOMA,180.00,100.00,CAJAMARCA
16/12/2023,009859MA39002,KALOIS,39,BOTIN NEGRO CRUST-GOMA,180.00,100.00,CAJAMARCA
16/12/2023,009859MA39003,KALOIS,39,BOTIN NEGRO CRUST-GOMA,180.00,100.00,CAJAMARCA
16/12/2023,009859MA40001,KALOIS,40,BOTIN NEGRO CRUST-GOMA,180.00,100.00,CAJAMARCA
16/12/2023,009859MA40002,KALOIS,40,BOTIN NEGRO CRUST-GOMA,180.00,100.00,CAJAMARCA
16/12/2023,009859MA40003,KALOIS,40,BOTIN NEGRO CRUST-GOMA,180.00,100.00,CAJAMARCA
16/12/2023,009859MA40004,KALOIS,40,BOTIN NEGRO CRUST-GOMA,180.00,100.00,CAJAMARCA
16/12/2023,009859MA41001,KALOIS,41,BOTIN NEGRO CRUST-GOMA,180.00,100.00,CAJAMARCA
16/12/2023,009859MA41002,KALOIS,41,BOTIN NEGRO CRUST-GOMA,180.00,100.00,CAJAMARCA
16/12/2023,009859MA42001,KALOIS,42,BOTIN NEGRO CRUST-GOMA,180.00,100.00,CAJAMARCA
16/12/2023,009860MA38001,KALOIS,38,BOTIN HABANO LUZTRA-G0MA,180.00,98.00,CAJAMARCA
17/12/2023,009869MA39002,KALOIS,39,BOTIN HABANO LUZTRA-GOMA,180.00,89.00,CAJAMARCA
17/12/2023,009869MA40001,KALOIS,40,BOTIN HABANO LUZTRA-GOMA,180.00,89.00,CAJAMARCA
17/12/2023,009869MA40002,KALOIS,40,BOTIN HABANO LUZTRA-GOMA,180.00,89.00,CAJAMARCA
17/12/2023,009869MA41001,KALOIS,41,BOTIN HABANO LUZTRA-GOMA,180.00,89.00,CAJAMARCA
17/12/2023,009870MA39001,KALOIS,39,BOTIN NEGRO NOBUK-GRAVADO,180.00,98.00,CAJAMARCA
17/12/2023,009871MA39001,KALOIS,39,BOTIN NEGRO NOBUK-GRAVADO,180.00,98.00,CAJAMARCA
17/12/2023,009516MA39002,CAT NACIONAL,39,NEGRO BLANCO BOTIN,.00,115.00,CAJAMARCA
17/12/2023,009872MA40001,KALOIS,40,BOTIN NEGRO NOBUK-GRAVADO,180.00,98.00,CAJAMARCA
17/12/2023,009873MA40001,KLOIS,40,BOTIN NEGRO NOBUK-GRAVADO,180.00,98.00,CAJAMARCA
17/12/2023,009873MA40002,KLOIS,40,BOTIN NEGRO NOBUK-GRAVADO,180.00,98.00,CAJAMARCA
17/12/2023,009873MA40003,KLOIS,40,BOTIN NEGRO NOBUK-GRAVADO,180.00,98.00,CAJAMARCA
17/12/2023,009874MA39001,KALOIS,39,BOTIN NEGRO NOBUK-GRAVADO,180.00,98.00,CAJAMARCA
17/12/2023,009874MA41002,KALOIS,41,BOTIN NEGRO NOBUK-GRAVADO,180.00,98.00,CAJAMARCA
18/12/2023,007300MA21001,MANGUITOS,21,BOTIN NUBE ROSADA,.00,37.00,CAJAMARCA
18/12/2023,009983MA38001,KALOIS,38,BOTIN NEGRO NOBUK-GRAVADO,180.00,98.00,CAJAMARCA
18/12/2023,009983MA38002,KALOIS,38,BOTIN NEGRO NOBUK-GRAVADO,180.00,98.00,CAJAMARCA
18/12/2023,009983MA42001,KALOIS,42,BOTIN NEGRO NOBUK-GRAVADO,180.00,98.00,CAJAMARCA
15/12/2023,009423MA41002,IVANO,41,VERDE-PETRO GAMUZA NUEVO,.00,72.00,CAJAMARCA
19/12/2023,009984MA38001,KALOIS,38,BOTIN 0LIVO GRAVADO,180.00,102.00,CAJAMARCA
19/12/2023,009984MA38002,KALOIS,38,BOTIN 0LIVO GRAVADO,180.00,102.00,CAJAMARCA
19/12/2023,009984MA39001,KALOIS,39,BOTIN 0LIVO GRAVADO,180.00,102.00,CAJAMARCA
19/12/2023,009984MA39002,KALOIS,39,BOTIN 0LIVO GRAVADO,180.00,102.00,CAJAMARCA
19/12/2023,009984MA39003,KALOIS,39,BOTIN 0LIVO GRAVADO,180.00,102.00,CAJAMARCA
19/12/2023,009984MA40001,KALOIS,40,BOTIN 0LIVO GRAVADO,180.00,102.00,CAJAMARCA
19/12/2023,009984MA40002,KALOIS,40,BOTIN 0LIVO GRAVADO,180.00,102.00,CAJAMARCA
19/12/2023,009984MA40003,KALOIS,40,BOTIN 0LIVO GRAVADO,180.00,102.00,CAJAMARCA
19/12/2023,009984MA40004,KALOIS,40,BOTIN 0LIVO GRAVADO,180.00,102.00,CAJAMARCA
19/12/2023,009984MA41001,KALOIS,41,BOTIN 0LIVO GRAVADO,180.00,102.00,CAJAMARCA
19/12/2023,009984MA41002,KALOIS,41,BOTIN 0LIVO GRAVADO,180.00,102.00,CAJAMARCA
19/12/2023,009984MA42001,KALOIS,42,BOTIN 0LIVO GRAVADO,180.00,102.00,CAJAMARCA
19/12/2023,009985MA34001,ADVENZO,34,BLANCO UVA ACERO,135.00,75.00,CAJAMARCA
19/12/2023,009985MA35001,ADVENZO,35,BLANCO UVA ACERO,135.00,75.00,CAJAMARCA
19/12/2023,009985MA35002,ADVENZO,35,BLANCO UVA ACERO,135.00,75.00,CAJAMARCA
19/12/2023,009985MA36001,ADVENZO,36,BLANCO UVA ACERO,135.00,75.00,CAJAMARCA
19/12/2023,009986MA34001,ADVENZO,34,BLANCO LILA VERDE,135.00,75.00,CAJAMARCA
19/12/2023,009986MA35001,ADVENZO,35,BLANCO LILA VERDE,135.00,75.00,CAJAMARCA
19/12/2023,009986MA35002,ADVENZO,35,BLANCO LILA VERDE,135.00,75.00,CAJAMARCA
19/12/2023,009986MA36001,ADVENZO,36,BLANCO LILA VERDE,135.00,75.00,CAJAMARCA
19/12/2023,009986MA37001,ADVENZO,37,BLANCO LILA VERDE,135.00,75.00,CAJAMARCA
19/12/2023,009986MA37002,ADVENZO,37,BLANCO LILA VERDE,135.00,75.00,CAJAMARCA
19/12/2023,009987MA38001,ADVENZO,38,NIKE BLANCO BLANCO,140.00,77.00,CAJAMARCA
19/12/2023,009987MA41002,ADVENZO,41,NIKE BLANCO BLANCO,140.00,77.00,CAJAMARCA
19/12/2023,009987MA42001,ADVENZO,42,NIKE BLANCO BLANCO,140.00,77.00,CAJAMARCA
19/12/2023,009988MA34001,ADVENZO,34,NIKE BLANCO BLANCO,135.00,72.00,CAJAMARCA
19/12/2023,009988MA36001,ADVENZO,36,NIKE BLANCO BLANCO,135.00,72.00,CAJAMARCA
19/12/2023,009988MA36002,ADVENZO,36,NIKE BLANCO BLANCO,135.00,72.00,CAJAMARCA
19/12/2023,009989MA39001,ADVENZO,39,NIKE BLANCO NEGRO,140.00,76.00,CAJAMARCA
19/12/2023,009989MA40002,ADVENZO,40,NIKE BLANCO NEGRO,140.00,76.00,CAJAMARCA
19/12/2023,009989MA41001,ADVENZO,41,NIKE BLANCO NEGRO,140.00,76.00,CAJAMARCA
19/12/2023,009989MA42001,ADVENZO,42,NIKE BLANCO NEGRO,140.00,76.00,CAJAMARCA
19/12/2023,009989MA43001,ADVENZO,43,NIKE BLANCO NEGRO,140.00,76.00,CAJAMARCA
19/12/2023,009990MA38001,ADVENZO,38,NIKE BLANCO AZUL,140.00,76.00,CAJAMARCA
19/12/2023,009990MA39001,ADVENZO,39,NIKE BLANCO AZUL,140.00,76.00,CAJAMARCA
19/12/2023,009990MA39002,ADVENZO,39,NIKE BLANCO AZUL,140.00,76.00,CAJAMARCA
19/12/2023,009990MA39003,ADVENZO,39,NIKE BLANCO AZUL,140.00,76.00,CAJAMARCA
19/12/2023,009990MA40001,ADVENZO,40,NIKE BLANCO AZUL,140.00,76.00,CAJAMARCA
19/12/2023,009990MA40002,ADVENZO,40,NIKE BLANCO AZUL,140.00,76.00,CAJAMARCA
19/12/2023,009990MA40003,ADVENZO,40,NIKE BLANCO AZUL,140.00,76.00,CAJAMARCA
19/12/2023,009990MA41001,ADVENZO,41,NIKE BLANCO AZUL,140.00,76.00,CAJAMARCA
19/12/2023,009990MA41002,ADVENZO,41,NIKE BLANCO AZUL,140.00,76.00,CAJAMARCA
19/12/2023,009990MA41003,ADVENZO,41,NIKE BLANCO AZUL,140.00,76.00,CAJAMARCA
19/12/2023,009990MA42001,ADVENZO,42,NIKE BLANCO AZUL,140.00,76.00,CAJAMARCA
19/12/2023,009991MA33002,ADVENZO,33,NINE BLANCO NEGRO,135.00,72.00,CAJAMARCA
19/12/2023,009991MA34001,ADVENZO,34,NINE BLANCO NEGRO,135.00,72.00,CAJAMARCA
19/12/2023,009991MA34002,ADVENZO,34,NINE BLANCO NEGRO,135.00,72.00,CAJAMARCA
19/12/2023,009991MA34003,ADVENZO,34,NINE BLANCO NEGRO,135.00,72.00,CAJAMARCA
19/12/2023,009991MA35001,ADVENZO,35,NINE BLANCO NEGRO,135.00,72.00,CAJAMARCA
19/12/2023,009991MA35003,ADVENZO,35,NINE BLANCO NEGRO,135.00,72.00,CAJAMARCA
19/12/2023,009991MA36001,ADVENZO,36,NINE BLANCO NEGRO,135.00,72.00,CAJAMARCA
19/12/2023,009991MA36002,ADVENZO,36,NINE BLANCO NEGRO,135.00,72.00,CAJAMARCA
19/12/2023,009991MA36003,ADVENZO,36,NINE BLANCO NEGRO,135.00,72.00,CAJAMARCA
19/12/2023,009991MA37001,ADVENZO,37,NINE BLANCO NEGRO,135.00,72.00,CAJAMARCA
19/12/2023,009991MA38002,ADVENZO,38,NINE BLANCO NEGRO,135.00,72.00,CAJAMARCA
19/12/2023,009992MA34001,ADVENZO,34,ADIDAS BLANCO NEGRO-FORUN,145.00,85.00,CAJAMARCA
19/12/2023,009992MA34002,ADVENZO,34,ADIDAS BLANCO NEGRO-FORUN,145.00,85.00,CAJAMARCA
19/12/2023,009992MA35001,ADVENZO,35,ADIDAS BLANCO NEGRO-FORUN,145.00,85.00,CAJAMARCA
19/12/2023,009992MA35002,ADVENZO,35,ADIDAS BLANCO NEGRO-FORUN,145.00,85.00,CAJAMARCA
19/12/2023,009992MA35003,ADVENZO,35,ADIDAS BLANCO NEGRO-FORUN,145.00,85.00,CAJAMARCA
19/12/2023,009992MA36001,ADVENZO,36,ADIDAS BLANCO NEGRO-FORUN,145.00,85.00,CAJAMARCA
19/12/2023,009992MA36002,ADVENZO,36,ADIDAS BLANCO NEGRO-FORUN,145.00,85.00,CAJAMARCA
19/12/2023,009992MA36003,ADVENZO,36,ADIDAS BLANCO NEGRO-FORUN,145.00,85.00,CAJAMARCA
19/12/2023,009992MA37001,ADVENZO,37,ADIDAS BLANCO NEGRO-FORUN,145.00,85.00,CAJAMARCA
19/12/2023,009992MA37002,ADVENZO,37,ADIDAS BLANCO NEGRO-FORUN,145.00,85.00,CAJAMARCA
19/12/2023,009992MA38001,ADVENZO,38,ADIDAS BLANCO NEGRO-FORUN,145.00,85.00,CAJAMARCA
19/12/2023,009992MA38002,ADVENZO,38,ADIDAS BLANCO NEGRO-FORUN,145.00,85.00,CAJAMARCA
19/12/2023,009993MA37001,ADVENZO,37,NIKE BLANCO NEGRO,135.00,72.00,CAJAMARCA
16/12/2023,009941MA38001,I-RUN,38,BLANCO PLOMO URBANA,.00,97.00,CAJAMARCA
19/12/2023,009893MA34001,I-FREE,34,AZUL ACERO TODOTERRENO,.00,87.00,CAJAMARCA
19/12/2023,009994MA37001,JUTU,37,NEGRO BLANCO ESCONDIDO,155.00,107.00,CAJAMARCA
19/12/2023,009994MA37002,JUTU,37,NEGRO BLANCO ESCONDIDO,155.00,107.00,CAJAMARCA
19/12/2023,009994MA38001,JUTU,38,NEGRO BLANCO ESCONDIDO,155.00,107.00,CAJAMARCA
19/12/2023,009994MA38002,JUTU,38,NEGRO BLANCO ESCONDIDO,155.00,107.00,CAJAMARCA
19/12/2023,009995MA36001,JUTU,36,BLANCO CAPSULA ESCONDIDO,155.00,107.00,CAJAMARCA
19/12/2023,009995MA36002,JUTU,36,BLANCO CAPSULA ESCONDIDO,155.00,107.00,CAJAMARCA
19/12/2023,009995MA37002,JUTU,37,BLANCO CAPSULA ESCONDIDO,155.00,107.00,CAJAMARCA
19/12/2023,009995MA38001,JUTU,38,BLANCO CAPSULA ESCONDIDO,155.00,107.00,CAJAMARCA
19/12/2023,009995MA38002,JUTU,38,BLANCO CAPSULA ESCONDIDO,155.00,107.00,CAJAMARCA
19/12/2023,009996MA36001,JUTU,36,NEGRO BLANCO CAPSULA-ESCONDIDO,155.00,107.00,CAJAMARCA
19/12/2023,009996MA37002,JUTU,37,NEGRO BLANCO CAPSULA-ESCONDIDO,155.00,107.00,CAJAMARCA
19/12/2023,009996MA38001,JUTU,38,NEGRO BLANCO CAPSULA-ESCONDIDO,155.00,107.00,CAJAMARCA
19/12/2023,009996MA38002,JUTU,38,NEGRO BLANCO CAPSULA-ESCONDIDO,155.00,107.00,CAJAMARCA
19/12/2023,009997MA27001,KOREANA,27,NEGRO PLOMO PERILLA,135.00,75.00,CAJAMARCA
19/12/2023,009997MA29001,KOREANA,29,NEGRO PLOMO PERILLA,135.00,75.00,CAJAMARCA
19/12/2023,009997MA30001,KOREANA,30,NEGRO PLOMO PERILLA,135.00,75.00,CAJAMARCA
19/12/2023,009997MA31001,KOREANA,31,NEGRO PLOMO PERILLA,135.00,75.00,CAJAMARCA
19/12/2023,009998MA27001,KOREANA,27,AZUL CELESTE PERILLA,135.00,75.00,CAJAMARCA
19/12/2023,009998MA28001,KOREANA,28,AZUL CELESTE PERILLA,135.00,75.00,CAJAMARCA
19/12/2023,009998MA29001,KOREANA,29,AZUL CELESTE PERILLA,135.00,75.00,CAJAMARCA
19/12/2023,009998MA31001,KOREANA,31,AZUL CELESTE PERILLA,135.00,75.00,CAJAMARCA
19/12/2023,009999MA28001,KITS NSEVEN,28,BEIG MARRON URBANO,120.00,72.00,CAJAMARCA
19/12/2023,009999MA29001,KITS NSEVEN,29,BEIG MARRON URBANO,120.00,72.00,CAJAMARCA
19/12/2023,009999MA30001,KITS NSEVEN,30,BEIG MARRON URBANO,120.00,72.00,CAJAMARCA
19/12/2023,009999MA31001,KITS NSEVEN,31,BEIG MARRON URBANO,120.00,72.00,CAJAMARCA
19/12/2023,010000MA27001,KOREANA,27,BLANCO NEGRO URBANA,120.00,72.00,CAJAMARCA
19/12/2023,010000MA28001,KOREANA,28,BLANCO NEGRO URBANA,120.00,72.00,CAJAMARCA
19/12/2023,010000MA29001,KOREANA,29,BLANCO NEGRO URBANA,120.00,72.00,CAJAMARCA
19/12/2023,010000MA30001,KOREANA,30,BLANCO NEGRO URBANA,120.00,72.00,CAJAMARCA
19/12/2023,010000MA31001,KOREANA,31,BLANCO NEGRO URBANA,120.00,72.00,CAJAMARCA
19/12/2023,010001MA27001,KOREANA,27,BLANCO ROSADA URBANA,120.00,74.00,CAJAMARCA
19/12/2023,010001MA28001,KOREANA,28,BLANCO ROSADA URBANA,120.00,74.00,CAJAMARCA
19/12/2023,010001MA30001,KOREANA,30,BLANCO ROSADA URBANA,120.00,74.00,CAJAMARCA
19/12/2023,010001MA31001,KOREANA,31,BLANCO ROSADA URBANA,120.00,74.00,CAJAMARCA
19/12/2023,010002MA31001,I-FREE,31,NEGRO NEGRO TODOTERRENO,135.00,87.00,CAJAMARCA
19/12/2023,010002MA31002,I-FREE,31,NEGRO NEGRO TODOTERRENO,135.00,87.00,CAJAMARCA
19/12/2023,010002MA32001,I-FREE,32,NEGRO NEGRO TODOTERRENO,135.00,87.00,CAJAMARCA
19/12/2023,010002MA32002,I-FREE,32,NEGRO NEGRO TODOTERRENO,135.00,87.00,CAJAMARCA
19/12/2023,010002MA33001,I-FREE,33,NEGRO NEGRO TODOTERRENO,135.00,87.00,CAJAMARCA
19/12/2023,010002MA33002,I-FREE,33,NEGRO NEGRO TODOTERRENO,135.00,87.00,CAJAMARCA
19/12/2023,010002MA34001,I-FREE,34,NEGRO NEGRO TODOTERRENO,135.00,87.00,CAJAMARCA
19/12/2023,010002MA34002,I-FREE,34,NEGRO NEGRO TODOTERRENO,135.00,87.00,CAJAMARCA
19/12/2023,010002MA35001,I-FREE,35,NEGRO NEGRO TODOTERRENO,135.00,87.00,CAJAMARCA
19/12/2023,010002MA36002,I-FREE,36,NEGRO NEGRO TODOTERRENO,135.00,87.00,CAJAMARCA
19/12/2023,010003MA31001,I-FREE,31,AZUL ACERO TODOTERRENO,135.00,87.00,CAJAMARCA
19/12/2023,010003MA31002,I-FREE,31,AZUL ACERO TODOTERRENO,135.00,87.00,CAJAMARCA
19/12/2023,010003MA32001,I-FREE,32,AZUL ACERO TODOTERRENO,135.00,87.00,CAJAMARCA
19/12/2023,010003MA32002,I-FREE,32,AZUL ACERO TODOTERRENO,135.00,87.00,CAJAMARCA
19/12/2023,010003MA33001,I-FREE,33,AZUL ACERO TODOTERRENO,135.00,87.00,CAJAMARCA
19/12/2023,010003MA33002,I-FREE,33,AZUL ACERO TODOTERRENO,135.00,87.00,CAJAMARCA
19/12/2023,010003MA34001,I-FREE,34,AZUL ACERO TODOTERRENO,135.00,87.00,CAJAMARCA
19/12/2023,010003MA34002,I-FREE,34,AZUL ACERO TODOTERRENO,135.00,87.00,CAJAMARCA
19/12/2023,010003MA35001,I-FREE,35,AZUL ACERO TODOTERRENO,135.00,87.00,CAJAMARCA
19/12/2023,010003MA36001,I-FREE,36,AZUL ACERO TODOTERRENO,135.00,87.00,CAJAMARCA
19/12/2023,010004MA31001,I-FREE,31,PLOMO PLOMO TODOTERRENO,135.00,87.00,CAJAMARCA
19/12/2023,010004MA31002,I-FREE,31,PLOMO PLOMO TODOTERRENO,135.00,87.00,CAJAMARCA
19/12/2023,010004MA32001,I-FREE,32,PLOMO PLOMO TODOTERRENO,135.00,87.00,CAJAMARCA
19/12/2023,010004MA32002,I-FREE,32,PLOMO PLOMO TODOTERRENO,135.00,87.00,CAJAMARCA
19/12/2023,010004MA33001,I-FREE,33,PLOMO PLOMO TODOTERRENO,135.00,87.00,CAJAMARCA
19/12/2023,010004MA33002,I-FREE,33,PLOMO PLOMO TODOTERRENO,135.00,87.00,CAJAMARCA
19/12/2023,010004MA34001,I-FREE,34,PLOMO PLOMO TODOTERRENO,135.00,87.00,CAJAMARCA
19/12/2023,010004MA35001,I-FREE,35,PLOMO PLOMO TODOTERRENO,135.00,87.00,CAJAMARCA
19/12/2023,010004MA35002,I-FREE,35,PLOMO PLOMO TODOTERRENO,135.00,87.00,CAJAMARCA
19/12/2023,010004MA36001,I-FREE,36,PLOMO PLOMO TODOTERRENO,135.00,87.00,CAJAMARCA
19/12/2023,010004MA36002,I-FREE,36,PLOMO PLOMO TODOTERRENO,135.00,87.00,CAJAMARCA
19/12/2023,010005MA31001,I-FREE,31,UVA ROSADA TODOTERRENO,135.00,87.00,CAJAMARCA
19/12/2023,010005MA32001,I-FREE,32,UVA ROSADA TODOTERRENO,135.00,87.00,CAJAMARCA
19/12/2023,010005MA33001,I-FREE,33,UVA ROSADA TODOTERRENO,135.00,87.00,CAJAMARCA
19/12/2023,010005MA34001,I-FREE,34,UVA ROSADA TODOTERRENO,135.00,87.00,CAJAMARCA
19/12/2023,010005MA35001,I-FREE,35,UVA ROSADA TODOTERRENO,135.00,87.00,CAJAMARCA
19/12/2023,010005MA36001,I-FREE,36,UVA ROSADA TODOTERRENO,135.00,87.00,CAJAMARCA
19/12/2023,010006MA36001,I-FREE,36,NEGRO NEGRO TODOTERRENO,145.00,97.00,CAJAMARCA
19/12/2023,010006MA36002,I-FREE,36,NEGRO NEGRO TODOTERRENO,145.00,97.00,CAJAMARCA
19/12/2023,010006MA37001,I-FREE,37,NEGRO NEGRO TODOTERRENO,145.00,97.00,CAJAMARCA
19/12/2023,010006MA37002,I-FREE,37,NEGRO NEGRO TODOTERRENO,145.00,97.00,CAJAMARCA
19/12/2023,010006MA38001,I-FREE,38,NEGRO NEGRO TODOTERRENO,145.00,97.00,CAJAMARCA
19/12/2023,010006MA38002,I-FREE,38,NEGRO NEGRO TODOTERRENO,145.00,97.00,CAJAMARCA
19/12/2023,010007MA36001,I-FREE,36,PLOMO-OSCORO PLOMO TODOTERRENO,145.00,97.00,CAJAMARCA
19/12/2023,010007MA36002,I-FREE,36,PLOMO-OSCORO PLOMO TODOTERRENO,145.00,97.00,CAJAMARCA
19/12/2023,010007MA37001,I-FREE,37,PLOMO-OSCORO PLOMO TODOTERRENO,145.00,97.00,CAJAMARCA
19/12/2023,010007MA37002,I-FREE,37,PLOMO-OSCORO PLOMO TODOTERRENO,145.00,97.00,CAJAMARCA
19/12/2023,010007MA38001,I-FREE,38,PLOMO-OSCORO PLOMO TODOTERRENO,145.00,97.00,CAJAMARCA
19/12/2023,010007MA38002,I-FREE,38,PLOMO-OSCORO PLOMO TODOTERRENO,145.00,97.00,CAJAMARCA
19/12/2023,010008MA36001,I-FREE,36,ROSADA UVA TODOTERRENO,145.00,97.00,CAJAMARCA
19/12/2023,010008MA37001,I-FREE,37,ROSADA UVA TODOTERRENO,145.00,97.00,CAJAMARCA
19/12/2023,010008MA37002,I-FREE,37,ROSADA UVA TODOTERRENO,145.00,97.00,CAJAMARCA
19/12/2023,010008MA38001,I-FREE,38,ROSADA UVA TODOTERRENO,145.00,97.00,CAJAMARCA
19/12/2023,010008MA38002,I-FREE,38,ROSADA UVA TODOTERRENO,145.00,97.00,CAJAMARCA
20/12/2023,010009MA40001,I-FREE,40,PLOMO PLOMO TODOTERRENO,150.00,98.00,CAJAMARCA
20/12/2023,010009MA40002,I-FREE,40,PLOMO PLOMO TODOTERRENO,150.00,98.00,CAJAMARCA
20/12/2023,010009MA41001,I-FREE,41,PLOMO PLOMO TODOTERRENO,150.00,98.00,CAJAMARCA
20/12/2023,010009MA42001,I-FREE,42,PLOMO PLOMO TODOTERRENO,150.00,98.00,CAJAMARCA
20/12/2023,010009MA43001,I-FREE,43,PLOMO PLOMO TODOTERRENO,150.00,98.00,CAJAMARCA
20/12/2023,010010MA39001,I-FREE,39,PLOMO-OSCURO NEGRO TODOTERRENO,150.00,98.00,CAJAMARCA
20/12/2023,010010MA40001,I-FREE,40,PLOMO-OSCURO NEGRO TODOTERRENO,150.00,98.00,CAJAMARCA
20/12/2023,010010MA41001,I-FREE,41,PLOMO-OSCURO NEGRO TODOTERRENO,150.00,98.00,CAJAMARCA
20/12/2023,010010MA41002,I-FREE,41,PLOMO-OSCURO NEGRO TODOTERRENO,150.00,98.00,CAJAMARCA
20/12/2023,010010MA42001,I-FREE,42,PLOMO-OSCURO NEGRO TODOTERRENO,150.00,98.00,CAJAMARCA
20/12/2023,010010MA43001,I-FREE,43,PLOMO-OSCURO NEGRO TODOTERRENO,150.00,98.00,CAJAMARCA
20/12/2023,010011MA39001,I-FREE,39,NEGRO PLOMO TODOTERRENO,150.00,98.00,CAJAMARCA
20/12/2023,010011MA40002,I-FREE,40,NEGRO PLOMO TODOTERRENO,150.00,98.00,CAJAMARCA
20/12/2023,010011MA41001,I-FREE,41,NEGRO PLOMO TODOTERRENO,150.00,98.00,CAJAMARCA
20/12/2023,010011MA42001,I-FREE,42,NEGRO PLOMO TODOTERRENO,150.00,98.00,CAJAMARCA
20/12/2023,010011MA43001,I-FREE,43,NEGRO PLOMO TODOTERRENO,150.00,98.00,CAJAMARCA
20/12/2023,010012MA39001,I-FREE,39,NEGRO-ACERO PLOMO TODOTERRENO,150.00,98.00,CAJAMARCA
20/12/2023,010012MA43001,I-FREE,43,NEGRO-ACERO PLOMO TODOTERRENO,150.00,98.00,CAJAMARCA
20/12/2023,010013MA40001,I-FREE,40,NEGRO PLOMO TODOTERRENO,150.00,98.00,CAJAMARCA
20/12/2023,010013MA41001,I-FREE,41,NEGRO PLOMO TODOTERRENO,150.00,98.00,CAJAMARCA
20/12/2023,010013MA41002,I-FREE,41,NEGRO PLOMO TODOTERRENO,150.00,98.00,CAJAMARCA
20/12/2023,010013MA42001,I-FREE,42,NEGRO PLOMO TODOTERRENO,150.00,98.00,CAJAMARCA
20/12/2023,010013MA43001,I-FREE,43,NEGRO PLOMO TODOTERRENO,150.00,98.00,CAJAMARCA
20/12/2023,010014MA27001,IVANO,27,BOTIN NEGRO NEGRO,135.00,77.00,CAJAMARCA
20/12/2023,010014MA28002,IVANO,28,BOTIN NEGRO NEGRO,135.00,77.00,CAJAMARCA
20/12/2023,010014MA29001,IVANO,29,BOTIN NEGRO NEGRO,135.00,77.00,CAJAMARCA
20/12/2023,010014MA30001,IVANO,30,BOTIN NEGRO NEGRO,135.00,77.00,CAJAMARCA
20/12/2023,010014MA30002,IVANO,30,BOTIN NEGRO NEGRO,135.00,77.00,CAJAMARCA
20/12/2023,010014MA31002,IVANO,31,BOTIN NEGRO NEGRO,135.00,77.00,CAJAMARCA
20/12/2023,010014MA32001,IVANO,32,BOTIN NEGRO NEGRO,135.00,77.00,CAJAMARCA
17/12/2023,009006MA36001,IVANO,36,BLANCO BLANCO NIKE,.00,92.00,CAJAMARCA
20/12/2023,010015MA27001,IVANO,27,NEGRO BLANCO NIKE-URBANA,115.00,67.00,CAJAMARCA
20/12/2023,010015MA28001,IVANO,28,NEGRO BLANCO NIKE-URBANA,115.00,67.00,CAJAMARCA
20/12/2023,010015MA29001,IVANO,29,NEGRO BLANCO NIKE-URBANA,115.00,67.00,CAJAMARCA
20/12/2023,010015MA30001,IVANO,30,NEGRO BLANCO NIKE-URBANA,115.00,67.00,CAJAMARCA
20/12/2023,010015MA31001,IVANO,31,NEGRO BLANCO NIKE-URBANA,115.00,67.00,CAJAMARCA
20/12/2023,010015MA32001,IVANO,32,NEGRO BLANCO NIKE-URBANA,115.00,67.00,CAJAMARCA
20/12/2023,010016MA28001,IVANO,28,AZUL BLANCO NUEVO,115.00,67.00,CAJAMARCA
20/12/2023,010016MA29001,IVANO,29,AZUL BLANCO NUEVO,115.00,67.00,CAJAMARCA
20/12/2023,010016MA30001,IVANO,30,AZUL BLANCO NUEVO,115.00,67.00,CAJAMARCA
20/12/2023,010016MA31001,IVANO,31,AZUL BLANCO NUEVO,115.00,67.00,CAJAMARCA
20/12/2023,010016MA32001,IVANO,32,AZUL BLANCO NUEVO,115.00,67.00,CAJAMARCA
20/12/2023,010017MA29001,IVANO,29,VERDE BLANCO CLASICO,110.00,62.00,CAJAMARCA
20/12/2023,010017MA30001,IVANO,30,VERDE BLANCO CLASICO,110.00,62.00,CAJAMARCA
20/12/2023,010017MA31001,IVANO,31,VERDE BLANCO CLASICO,110.00,62.00,CAJAMARCA
20/12/2023,010017MA32001,IVANO,32,VERDE BLANCO CLASICO,110.00,62.00,CAJAMARCA
20/12/2023,010018MA27001,IVANO,27,NEGRO BLANCO CLASICO,110.00,62.00,CAJAMARCA
20/12/2023,010018MA28001,IVANO,28,NEGRO BLANCO CLASICO,110.00,62.00,CAJAMARCA
20/12/2023,010018MA29001,IVANO,29,NEGRO BLANCO CLASICO,110.00,62.00,CAJAMARCA
20/12/2023,010018MA30001,IVANO,30,NEGRO BLANCO CLASICO,110.00,62.00,CAJAMARCA
20/12/2023,010018MA31001,IVANO,31,NEGRO BLANCO CLASICO,110.00,62.00,CAJAMARCA
20/12/2023,010019MA26001,VADY-KITS,26,BOTIN PLOMO BLANCO-PERILLA,125.00,77.00,CAJAMARCA
20/12/2023,010019MA27001,VADY-KITS,27,BOTIN PLOMO BLANCO-PERILLA,125.00,77.00,CAJAMARCA
20/12/2023,010019MA28001,VADY-KITS,28,BOTIN PLOMO BLANCO-PERILLA,125.00,77.00,CAJAMARCA
20/12/2023,010019MA29001,VADY-KITS,29,BOTIN PLOMO BLANCO-PERILLA,125.00,77.00,CAJAMARCA
20/12/2023,010019MA30001,VADY-KITS,30,BOTIN PLOMO BLANCO-PERILLA,125.00,77.00,CAJAMARCA
20/12/2023,010020MA27001,VADY-KITS,27,BOTIN PLOMO ROJO-NEGRO,125.00,77.00,CAJAMARCA
20/12/2023,010020MA28001,VADY-KITS,28,BOTIN PLOMO ROJO-NEGRO,125.00,77.00,CAJAMARCA
20/12/2023,010020MA28002,VADY-KITS,28,BOTIN PLOMO ROJO-NEGRO,125.00,77.00,CAJAMARCA
20/12/2023,010020MA29001,VADY-KITS,29,BOTIN PLOMO ROJO-NEGRO,125.00,77.00,CAJAMARCA
20/12/2023,010020MA30001,VADY-KITS,30,BOTIN PLOMO ROJO-NEGRO,125.00,77.00,CAJAMARCA
20/12/2023,010021MA23001,CHINITA GOMA,23,VERDE PLOMO GOMA,115.00,67.00,CAJAMARCA
20/12/2023,010021MA24001,CHINITA GOMA,24,VERDE PLOMO GOMA,115.00,67.00,CAJAMARCA
20/12/2023,010021MA25001,CHINITA GOMA,25,VERDE PLOMO GOMA,115.00,67.00,CAJAMARCA
20/12/2023,010021MA26001,CHINITA GOMA,26,VERDE PLOMO GOMA,115.00,67.00,CAJAMARCA
20/12/2023,010021MA27001,CHINITA GOMA,27,VERDE PLOMO GOMA,115.00,67.00,CAJAMARCA
20/12/2023,010021MA28001,CHINITA GOMA,28,VERDE PLOMO GOMA,115.00,67.00,CAJAMARCA
20/12/2023,010022MA26001,CHINITA,26,ROSADO UVA CELESTE,115.00,67.00,CAJAMARCA
20/12/2023,010023MA25001,YOMAX,25,AZULMARINO PLOMO MALLA,125.00,75.00,CAJAMARCA
20/12/2023,010023MA27001,YOMAX,27,AZULMARINO PLOMO MALLA,125.00,75.00,CAJAMARCA
20/12/2023,010023MA28001,YOMAX,28,AZULMARINO PLOMO MALLA,125.00,75.00,CAJAMARCA
20/12/2023,010023MA29001,YOMAX,29,AZULMARINO PLOMO MALLA,125.00,75.00,CAJAMARCA
20/12/2023,010023MA30001,YOMAX,30,AZULMARINO PLOMO MALLA,125.00,75.00,CAJAMARCA
20/12/2023,010024MA25001,YOMAX,25,PLOMO PLOMO GOMA,125.00,75.00,CAJAMARCA
20/12/2023,010024MA26001,YOMAX,26,PLOMO PLOMO GOMA,125.00,75.00,CAJAMARCA
20/12/2023,010024MA27001,YOMAX,27,PLOMO PLOMO GOMA,125.00,75.00,CAJAMARCA
20/12/2023,010024MA28001,YOMAX,28,PLOMO PLOMO GOMA,125.00,75.00,CAJAMARCA
20/12/2023,010024MA29001,YOMAX,29,PLOMO PLOMO GOMA,125.00,75.00,CAJAMARCA
20/12/2023,010024MA30001,YOMAX,30,PLOMO PLOMO GOMA,125.00,75.00,CAJAMARCA
20/12/2023,010025MA31001,YOMAX,31,PLOMO PLOMO GOMA,130.00,80.00,CAJAMARCA
20/12/2023,010025MA32001,YOMAX,32,PLOMO PLOMO GOMA,130.00,80.00,CAJAMARCA
20/12/2023,010025MA33001,YOMAX,33,PLOMO PLOMO GOMA,130.00,80.00,CAJAMARCA
20/12/2023,010025MA34001,YOMAX,34,PLOMO PLOMO GOMA,130.00,80.00,CAJAMARCA
20/12/2023,010025MA35001,YOMAX,35,PLOMO PLOMO GOMA,130.00,80.00,CAJAMARCA
20/12/2023,010025MA36001,YOMAX,36,PLOMO PLOMO GOMA,130.00,80.00,CAJAMARCA
20/12/2023,010026MA31001,YOMAX,31,PLOMO VERDE GOMA,130.00,80.00,CAJAMARCA
20/12/2023,010026MA32001,YOMAX,32,PLOMO VERDE GOMA,130.00,80.00,CAJAMARCA
20/12/2023,010026MA33001,YOMAX,33,PLOMO VERDE GOMA,130.00,80.00,CAJAMARCA
20/12/2023,010026MA34001,YOMAX,34,PLOMO VERDE GOMA,130.00,80.00,CAJAMARCA
20/12/2023,010026MA35001,YOMAX,35,PLOMO VERDE GOMA,130.00,80.00,CAJAMARCA
20/12/2023,010026MA36001,YOMAX,36,PLOMO VERDE GOMA,130.00,80.00,CAJAMARCA
20/12/2023,010027MA31001,YOMAX,31,AZUL ROJO GOMA,130.00,80.00,CAJAMARCA
20/12/2023,010027MA32001,YOMAX,32,AZUL ROJO GOMA,130.00,80.00,CAJAMARCA
20/12/2023,010027MA33001,YOMAX,33,AZUL ROJO GOMA,130.00,80.00,CAJAMARCA
20/12/2023,010027MA34001,YOMAX,34,AZUL ROJO GOMA,130.00,80.00,CAJAMARCA
20/12/2023,010027MA35001,YOMAX,35,AZUL ROJO GOMA,130.00,80.00,CAJAMARCA
20/12/2023,010027MA36001,YOMAX,36,AZUL ROJO GOMA,130.00,80.00,CAJAMARCA
20/12/2023,010028MA25001,YOMAX,25,VERDE PLOMO GOMA,125.00,75.00,CAJAMARCA
20/12/2023,010028MA26001,YOMAX,26,VERDE PLOMO GOMA,125.00,75.00,CAJAMARCA
20/12/2023,010028MA27001,YOMAX,27,VERDE PLOMO GOMA,125.00,75.00,CAJAMARCA
20/12/2023,010028MA28001,YOMAX,28,VERDE PLOMO GOMA,125.00,75.00,CAJAMARCA
20/12/2023,010028MA29001,YOMAX,29,VERDE PLOMO GOMA,125.00,75.00,CAJAMARCA
20/12/2023,010028MA30001,YOMAX,30,VERDE PLOMO GOMA,125.00,75.00,CAJAMARCA
20/12/2023,010029MA28001,DROMEDAR,28,BOTIN NEGRO BLANCO,130.00,82.00,CAJAMARCA
20/12/2023,010029MA31001,DROMEDAR,31,BOTIN NEGRO BLANCO,130.00,82.00,CAJAMARCA
20/12/2023,010030MA32001,DROMEDAR,32,BOTIN NEGRO ROJO,140.00,92.00,CAJAMARCA
20/12/2023,010030MA33001,DROMEDAR,33,BOTIN NEGRO ROJO,140.00,92.00,CAJAMARCA
20/12/2023,010030MA34001,DROMEDAR,34,BOTIN NEGRO ROJO,140.00,92.00,CAJAMARCA
20/12/2023,010030MA35001,DROMEDAR,35,BOTIN NEGRO ROJO,140.00,92.00,CAJAMARCA
20/12/2023,010031MA39001,DROMEDAR,39,BOTIN BLANCO NEGRO-CAPSULA,170.00,117.00,CAJAMARCA
20/12/2023,010031MA40001,DROMEDAR,40,BOTIN BLANCO NEGRO-CAPSULA,170.00,117.00,CAJAMARCA
20/12/2023,010031MA40002,DROMEDAR,40,BOTIN BLANCO NEGRO-CAPSULA,170.00,117.00,CAJAMARCA
20/12/2023,010031MA41001,DROMEDAR,41,BOTIN BLANCO NEGRO-CAPSULA,170.00,117.00,CAJAMARCA
20/12/2023,010031MA41002,DROMEDAR,41,BOTIN BLANCO NEGRO-CAPSULA,170.00,117.00,CAJAMARCA
20/12/2023,010031MA42001,DROMEDAR,42,BOTIN BLANCO NEGRO-CAPSULA,170.00,117.00,CAJAMARCA
20/12/2023,010031MA43001,DROMEDAR,43,BOTIN BLANCO NEGRO-CAPSULA,170.00,117.00,CAJAMARCA
20/12/2023,010032MA40001,DROMEDAR,40,BOTIN BLANCO AZUL-CAPSULA,170.00,117.00,CAJAMARCA
20/12/2023,010032MA40002,DROMEDAR,40,BOTIN BLANCO AZUL-CAPSULA,170.00,117.00,CAJAMARCA
20/12/2023,010032MA41001,DROMEDAR,41,BOTIN BLANCO AZUL-CAPSULA,170.00,117.00,CAJAMARCA
20/12/2023,010032MA41002,DROMEDAR,41,BOTIN BLANCO AZUL-CAPSULA,170.00,117.00,CAJAMARCA
20/12/2023,010032MA42001,DROMEDAR,42,BOTIN BLANCO AZUL-CAPSULA,170.00,117.00,CAJAMARCA
20/12/2023,010032MA43001,DROMEDAR,43,BOTIN BLANCO AZUL-CAPSULA,170.00,117.00,CAJAMARCA
20/12/2023,010032MA43002,DROMEDAR,43,BOTIN BLANCO AZUL-CAPSULA,170.00,117.00,CAJAMARCA
20/12/2023,010033MA40003,DROMEDAR,40,BOTIN BLANCO ROJO-CAPSULA,170.00,117.00,CAJAMARCA
20/12/2023,010033MA41001,DROMEDAR,41,BOTIN BLANCO ROJO-CAPSULA,170.00,117.00,CAJAMARCA
20/12/2023,010033MA41002,DROMEDAR,41,BOTIN BLANCO ROJO-CAPSULA,170.00,117.00,CAJAMARCA
20/12/2023,010033MA42001,DROMEDAR,42,BOTIN BLANCO ROJO-CAPSULA,170.00,117.00,CAJAMARCA
20/12/2023,010033MA43001,DROMEDAR,43,BOTIN BLANCO ROJO-CAPSULA,170.00,117.00,CAJAMARCA
20/12/2023,010034MA39001,DROMEDAR,39,BOTIN NEGRO-ROJO VERDE,170.00,117.00,CAJAMARCA
20/12/2023,010034MA40001,DROMEDAR,40,BOTIN NEGRO-ROJO VERDE,170.00,117.00,CAJAMARCA
20/12/2023,010034MA40002,DROMEDAR,40,BOTIN NEGRO-ROJO VERDE,170.00,117.00,CAJAMARCA
20/12/2023,010034MA41002,DROMEDAR,41,BOTIN NEGRO-ROJO VERDE,170.00,117.00,CAJAMARCA
20/12/2023,010034MA42001,DROMEDAR,42,BOTIN NEGRO-ROJO VERDE,170.00,117.00,CAJAMARCA
20/12/2023,010034MA43001,DROMEDAR,43,BOTIN NEGRO-ROJO VERDE,170.00,117.00,CAJAMARCA
20/12/2023,010034MA43002,DROMEDAR,43,BOTIN NEGRO-ROJO VERDE,170.00,117.00,CAJAMARCA
20/12/2023,010035MA39001,DROMEDAR,39,BOTIN NEGRO NARANJA-GOMA,170.00,117.00,CAJAMARCA
20/12/2023,010035MA40001,DROMEDAR,40,BOTIN NEGRO NARANJA-GOMA,170.00,117.00,CAJAMARCA
20/12/2023,010035MA40002,DROMEDAR,40,BOTIN NEGRO NARANJA-GOMA,170.00,117.00,CAJAMARCA
20/12/2023,010035MA41001,DROMEDAR,41,BOTIN NEGRO NARANJA-GOMA,170.00,117.00,CAJAMARCA
20/12/2023,010035MA41002,DROMEDAR,41,BOTIN NEGRO NARANJA-GOMA,170.00,117.00,CAJAMARCA
20/12/2023,010035MA42001,DROMEDAR,42,BOTIN NEGRO NARANJA-GOMA,170.00,117.00,CAJAMARCA
20/12/2023,010035MA42002,DROMEDAR,42,BOTIN NEGRO NARANJA-GOMA,170.00,117.00,CAJAMARCA
20/12/2023,010035MA43001,DROMEDAR,43,BOTIN NEGRO NARANJA-GOMA,170.00,117.00,CAJAMARCA
20/12/2023,010036MA40001,DROMEDAR,40,BOTIN BLANCO AZUL-GOMA,170.00,117.00,CAJAMARCA
20/12/2023,010036MA40002,DROMEDAR,40,BOTIN BLANCO AZUL-GOMA,170.00,117.00,CAJAMARCA
20/12/2023,010036MA40003,DROMEDAR,40,BOTIN BLANCO AZUL-GOMA,170.00,117.00,CAJAMARCA
20/12/2023,010036MA41001,DROMEDAR,41,BOTIN BLANCO AZUL-GOMA,170.00,117.00,CAJAMARCA
20/12/2023,010036MA41002,DROMEDAR,41,BOTIN BLANCO AZUL-GOMA,170.00,117.00,CAJAMARCA
20/12/2023,010036MA42001,DROMEDAR,42,BOTIN BLANCO AZUL-GOMA,170.00,117.00,CAJAMARCA
20/12/2023,010036MA42002,DROMEDAR,42,BOTIN BLANCO AZUL-GOMA,170.00,117.00,CAJAMARCA
20/12/2023,010036MA43001,DROMEDAR,43,BOTIN BLANCO AZUL-GOMA,170.00,117.00,CAJAMARCA
17/12/2023,009979MA37001,CONVERT,37,NEGRO NEGRO 126,.00,90.00,CAJAMARCA
20/12/2023,009290MA35001,DROMEDAR,35,NEGRO ROJO PUENTE,.00,92.00,CAJAMARCA
21/12/2023,010037MA30001,NEW ATHLETIC,30,TOBILLERRA PLOMO LIMON-DEPORTIVO,150.00,98.00,CAJAMARCA
21/12/2023,010037MA30002,NEW ATHLETIC,30,TOBILLERRA PLOMO LIMON-DEPORTIVO,150.00,98.00,CAJAMARCA
21/12/2023,010037MA31001,NEW ATHLETIC,31,TOBILLERRA PLOMO LIMON-DEPORTIVO,150.00,98.00,CAJAMARCA
21/12/2023,010037MA31002,NEW ATHLETIC,31,TOBILLERRA PLOMO LIMON-DEPORTIVO,150.00,98.00,CAJAMARCA
21/12/2023,010037MA32001,NEW ATHLETIC,32,TOBILLERRA PLOMO LIMON-DEPORTIVO,150.00,98.00,CAJAMARCA
21/12/2023,010037MA32002,NEW ATHLETIC,32,TOBILLERRA PLOMO LIMON-DEPORTIVO,150.00,98.00,CAJAMARCA
21/12/2023,010037MA33001,NEW ATHLETIC,33,TOBILLERRA PLOMO LIMON-DEPORTIVO,150.00,98.00,CAJAMARCA
21/12/2023,010037MA33002,NEW ATHLETIC,33,TOBILLERRA PLOMO LIMON-DEPORTIVO,150.00,98.00,CAJAMARCA
21/12/2023,010037MA34002,NEW ATHLETIC,34,TOBILLERRA PLOMO LIMON-DEPORTIVO,150.00,98.00,CAJAMARCA
21/12/2023,010037MA35001,NEW ATHLETIC,35,TOBILLERRA PLOMO LIMON-DEPORTIVO,150.00,98.00,CAJAMARCA
21/12/2023,010038MA30001,NEW ATHLETIC,30,TOBILLERA CELESTE LIMON-DEPORTIVO,150.00,98.00,CAJAMARCA
21/12/2023,010038MA31001,NEW ATHLETIC,31,TOBILLERA CELESTE LIMON-DEPORTIVO,150.00,98.00,CAJAMARCA
21/12/2023,010038MA32001,NEW ATHLETIC,32,TOBILLERA CELESTE LIMON-DEPORTIVO,150.00,98.00,CAJAMARCA
21/12/2023,010038MA33001,NEW ATHLETIC,33,TOBILLERA CELESTE LIMON-DEPORTIVO,150.00,98.00,CAJAMARCA
21/12/2023,010038MA34001,NEW ATHLETIC,34,TOBILLERA CELESTE LIMON-DEPORTIVO,150.00,98.00,CAJAMARCA
21/12/2023,010038MA35001,NEW ATHLETIC,35,TOBILLERA CELESTE LIMON-DEPORTIVO,150.00,98.00,CAJAMARCA
21/12/2023,010039MA30001,NEW ATHLETIC,30,TOBILLERA NEGRO DORADO-DEPORTIVO,150.00,98.00,CAJAMARCA
21/12/2023,010039MA31001,NEW ATHLETIC,31,TOBILLERA NEGRO DORADO-DEPORTIVO,150.00,98.00,CAJAMARCA
21/12/2023,010039MA32001,NEW ATHLETIC,32,TOBILLERA NEGRO DORADO-DEPORTIVO,150.00,98.00,CAJAMARCA
21/12/2023,010039MA33001,NEW ATHLETIC,33,TOBILLERA NEGRO DORADO-DEPORTIVO,150.00,98.00,CAJAMARCA
21/12/2023,010039MA34001,NEW ATHLETIC,34,TOBILLERA NEGRO DORADO-DEPORTIVO,150.00,98.00,CAJAMARCA
21/12/2023,010039MA35001,NEW ATHLETIC,35,TOBILLERA NEGRO DORADO-DEPORTIVO,150.00,98.00,CAJAMARCA
21/12/2023,010040MA39001,NEW ATHLETIC,39,PLOMO NARANJA DEPORTIVO,160.00,116.00,CAJAMARCA
21/12/2023,010040MA40001,NEW ATHLETIC,40,PLOMO NARANJA DEPORTIVO,160.00,116.00,CAJAMARCA
21/12/2023,010040MA40002,NEW ATHLETIC,40,PLOMO NARANJA DEPORTIVO,160.00,116.00,CAJAMARCA
21/12/2023,010040MA41001,NEW ATHLETIC,41,PLOMO NARANJA DEPORTIVO,160.00,116.00,CAJAMARCA
21/12/2023,010040MA41002,NEW ATHLETIC,41,PLOMO NARANJA DEPORTIVO,160.00,116.00,CAJAMARCA
21/12/2023,010040MA42001,NEW ATHLETIC,42,PLOMO NARANJA DEPORTIVO,160.00,116.00,CAJAMARCA
21/12/2023,010040MA43001,NEW ATHLETIC,43,PLOMO NARANJA DEPORTIVO,160.00,116.00,CAJAMARCA
21/12/2023,010041MA39001,NEW ATHLETIC,39,PLOMO PLATA DEPORTIVO,160.00,116.00,CAJAMARCA
21/12/2023,010041MA40002,NEW ATHLETIC,40,PLOMO PLATA DEPORTIVO,160.00,116.00,CAJAMARCA
21/12/2023,010041MA41001,NEW ATHLETIC,41,PLOMO PLATA DEPORTIVO,160.00,116.00,CAJAMARCA
21/12/2023,010041MA41002,NEW ATHLETIC,41,PLOMO PLATA DEPORTIVO,160.00,116.00,CAJAMARCA
21/12/2023,010041MA42001,NEW ATHLETIC,42,PLOMO PLATA DEPORTIVO,160.00,116.00,CAJAMARCA
21/12/2023,010041MA43001,NEW ATHLETIC,43,PLOMO PLATA DEPORTIVO,160.00,116.00,CAJAMARCA
21/12/2023,010042MA39001,NEW ATHLETIC,39,NEGRO PLATA DEPORTIVO,160.00,116.00,CAJAMARCA
21/12/2023,010042MA40001,NEW ATHLETIC,40,NEGRO PLATA DEPORTIVO,160.00,116.00,CAJAMARCA
21/12/2023,010042MA40002,NEW ATHLETIC,40,NEGRO PLATA DEPORTIVO,160.00,116.00,CAJAMARCA
21/12/2023,010042MA41001,NEW ATHLETIC,41,NEGRO PLATA DEPORTIVO,160.00,116.00,CAJAMARCA
21/12/2023,010042MA41002,NEW ATHLETIC,41,NEGRO PLATA DEPORTIVO,160.00,116.00,CAJAMARCA
21/12/2023,010042MA42001,NEW ATHLETIC,42,NEGRO PLATA DEPORTIVO,160.00,116.00,CAJAMARCA
21/12/2023,010042MA43001,NEW ATHLETIC,43,NEGRO PLATA DEPORTIVO,160.00,116.00,CAJAMARCA
21/12/2023,010043MA36001,NEW ATHLETIC,36,PLOMO PLATA DEPORTIVO,150.00,112.00,CAJAMARCA
21/12/2023,010043MA36002,NEW ATHLETIC,36,PLOMO PLATA DEPORTIVO,150.00,112.00,CAJAMARCA
21/12/2023,010043MA37001,NEW ATHLETIC,37,PLOMO PLATA DEPORTIVO,150.00,112.00,CAJAMARCA
21/12/2023,010043MA37002,NEW ATHLETIC,37,PLOMO PLATA DEPORTIVO,150.00,112.00,CAJAMARCA
21/12/2023,010043MA38001,NEW ATHLETIC,38,PLOMO PLATA DEPORTIVO,150.00,112.00,CAJAMARCA
21/12/2023,010043MA38002,NEW ATHLETIC,38,PLOMO PLATA DEPORTIVO,150.00,112.00,CAJAMARCA
21/12/2023,010044MA36001,NEW ATHLETIC,36,NEGRO PLATA DEPORTIVO,150.00,112.00,CAJAMARCA
21/12/2023,010044MA36002,NEW ATHLETIC,36,NEGRO PLATA DEPORTIVO,150.00,112.00,CAJAMARCA
21/12/2023,010044MA37001,NEW ATHLETIC,37,NEGRO PLATA DEPORTIVO,150.00,112.00,CAJAMARCA
21/12/2023,010044MA38001,NEW ATHLETIC,38,NEGRO PLATA DEPORTIVO,150.00,112.00,CAJAMARCA
21/12/2023,010044MA38002,NEW ATHLETIC,38,NEGRO PLATA DEPORTIVO,150.00,112.00,CAJAMARCA
21/12/2023,010045MA40001,ATLETIX,40,BEIG BLANCO URBANA,150.00,90.00,CAJAMARCA
21/12/2023,010045MA40003,ATLETIX,40,BEIG BLANCO URBANA,150.00,90.00,CAJAMARCA
21/12/2023,010045MA40004,ATLETIX,40,BEIG BLANCO URBANA,150.00,90.00,CAJAMARCA
21/12/2023,010045MA41001,ATLETIX,41,BEIG BLANCO URBANA,150.00,90.00,CAJAMARCA
21/12/2023,010045MA41003,ATLETIX,41,BEIG BLANCO URBANA,150.00,90.00,CAJAMARCA
21/12/2023,010045MA41004,ATLETIX,41,BEIG BLANCO URBANA,150.00,90.00,CAJAMARCA
21/12/2023,010045MA42001,ATLETIX,42,BEIG BLANCO URBANA,150.00,90.00,CAJAMARCA
21/12/2023,010045MA42002,ATLETIX,42,BEIG BLANCO URBANA,150.00,90.00,CAJAMARCA
21/12/2023,010045MA43001,ATLETIX,43,BEIG BLANCO URBANA,150.00,90.00,CAJAMARCA
21/12/2023,010045MA43002,ATLETIX,43,BEIG BLANCO URBANA,150.00,90.00,CAJAMARCA
21/12/2023,010046MA39001,ATLETIX,39,PLOMO-OSCURO PLOMO YOMAX,150.00,90.00,CAJAMARCA
21/12/2023,010046MA40001,ATLETIX,40,PLOMO-OSCURO PLOMO YOMAX,150.00,90.00,CAJAMARCA
21/12/2023,010046MA40002,ATLETIX,40,PLOMO-OSCURO PLOMO YOMAX,150.00,90.00,CAJAMARCA
21/12/2023,010046MA41001,ATLETIX,41,PLOMO-OSCURO PLOMO YOMAX,150.00,90.00,CAJAMARCA
21/12/2023,010046MA41002,ATLETIX,41,PLOMO-OSCURO PLOMO YOMAX,150.00,90.00,CAJAMARCA
21/12/2023,010046MA42001,ATLETIX,42,PLOMO-OSCURO PLOMO YOMAX,150.00,90.00,CAJAMARCA
21/12/2023,010046MA43001,ATLETIX,43,PLOMO-OSCURO PLOMO YOMAX,150.00,90.00,CAJAMARCA
21/12/2023,010047MA40003,ATLETIX,40,NEGRO OLIVO YOMAX,150.00,90.00,CAJAMARCA
21/12/2023,010047MA41001,ATLETIX,41,NEGRO OLIVO YOMAX,150.00,90.00,CAJAMARCA
21/12/2023,010047MA41002,ATLETIX,41,NEGRO OLIVO YOMAX,150.00,90.00,CAJAMARCA
21/12/2023,010047MA42001,ATLETIX,42,NEGRO OLIVO YOMAX,150.00,90.00,CAJAMARCA
21/12/2023,010047MA43001,ATLETIX,43,NEGRO OLIVO YOMAX,150.00,90.00,CAJAMARCA
21/12/2023,010048MA39001,ATLETIX,39,AZULMARINO LIMON YOMAX,150.00,90.00,CAJAMARCA
21/12/2023,010048MA40001,ATLETIX,40,AZULMARINO LIMON YOMAX,150.00,90.00,CAJAMARCA
21/12/2023,010048MA40002,ATLETIX,40,AZULMARINO LIMON YOMAX,150.00,90.00,CAJAMARCA
21/12/2023,010048MA41001,ATLETIX,41,AZULMARINO LIMON YOMAX,150.00,90.00,CAJAMARCA
21/12/2023,010048MA41002,ATLETIX,41,AZULMARINO LIMON YOMAX,150.00,90.00,CAJAMARCA
21/12/2023,010048MA42001,ATLETIX,42,AZULMARINO LIMON YOMAX,150.00,90.00,CAJAMARCA
21/12/2023,010048MA43001,ATLETIX,43,AZULMARINO LIMON YOMAX,150.00,90.00,CAJAMARCA
18/12/2023,009964MA41001,PUNTO,41,BLANCO AZULMARINO PLOMO-FIBRA,.00,117.00,CAJAMARCA
18/12/2023,009960MA39001,PUNTO,39,BLANCO ACERO URBANA-FIBRA,.00,117.00,CAJAMARCA
22/12/2023,009744MA25001,YOMAX,25,AZULMARINO PLOMO MALLA,.00,77.00,CAJAMARCA
22/12/2023,002142MA36001,NEW ATHLETIC,36,AZUL JADE CAPSULA,.00,98.00,CAJAMARCA
22/12/2023,001111MA3601,NEW ATHLETIC,36,CAPSULA A/FUCSIA,.00,95.00,CAJAMARCA
22/12/2023,010049MA27001,IVANO,27,BOTIN NEGRO BLANCO,135.00,87.00,CAJAMARCA
22/12/2023,010049MA28001,IVANO,28,BOTIN NEGRO BLANCO,135.00,87.00,CAJAMARCA
22/12/2023,010049MA29001,IVANO,29,BOTIN NEGRO BLANCO,135.00,87.00,CAJAMARCA
22/12/2023,009907MA41002,NEW ATHLETIC,41,BOTIN NEGRO BLANCO-PLOM,.00,121.00,CAJAMARCA
22/12/2023,009646MA39002,ANDALOZ,39,NEGRO NOBUK BAJO-CORRIDO,.00,80.00,CAJAMARCA
22/12/2023,008238MA39001,NEW ATHLETIC,39,CHIMPUN AMARILLO VERDE,.00,117.00,CAJAMARCA
23/12/2023,010050MA27001,IVANO,27,VERDE BLANCO CLASICO,120.00,65.00,CAJAMARCA
23/12/2023,010050MA27002,IVANO,27,VERDE BLANCO CLASICO,120.00,65.00,CAJAMARCA
23/12/2023,010050MA28001,IVANO,28,VERDE BLANCO CLASICO,120.00,65.00,CAJAMARCA
23/12/2023,010050MA28002,IVANO,28,VERDE BLANCO CLASICO,120.00,65.00,CAJAMARCA
23/12/2023,010050MA29001,IVANO,29,VERDE BLANCO CLASICO,120.00,65.00,CAJAMARCA
23/12/2023,010050MA29002,IVANO,29,VERDE BLANCO CLASICO,120.00,65.00,CAJAMARCA
23/12/2023,010050MA30001,IVANO,30,VERDE BLANCO CLASICO,120.00,65.00,CAJAMARCA
23/12/2023,010050MA30002,IVANO,30,VERDE BLANCO CLASICO,120.00,65.00,CAJAMARCA
23/12/2023,010050MA31001,IVANO,31,VERDE BLANCO CLASICO,120.00,65.00,CAJAMARCA
23/12/2023,010050MA31002,IVANO,31,VERDE BLANCO CLASICO,120.00,65.00,CAJAMARCA
23/12/2023,010050MA32001,IVANO,32,VERDE BLANCO CLASICO,120.00,65.00,CAJAMARCA
23/12/2023,010050MA32002,IVANO,32,VERDE BLANCO CLASICO,120.00,65.00,CAJAMARCA
23/12/2023,010051MA27001,IVANO,27,NEGRO BLANCO NUEVO,130.00,68.00,CAJAMARCA
23/12/2023,010051MA27002,IVANO,27,NEGRO BLANCO NUEVO,130.00,68.00,CAJAMARCA
23/12/2023,010051MA28001,IVANO,28,NEGRO BLANCO NUEVO,130.00,68.00,CAJAMARCA
23/12/2023,010051MA28002,IVANO,28,NEGRO BLANCO NUEVO,130.00,68.00,CAJAMARCA
23/12/2023,010051MA29001,IVANO,29,NEGRO BLANCO NUEVO,130.00,68.00,CAJAMARCA
23/12/2023,010051MA29002,IVANO,29,NEGRO BLANCO NUEVO,130.00,68.00,CAJAMARCA
23/12/2023,010051MA30001,IVANO,30,NEGRO BLANCO NUEVO,130.00,68.00,CAJAMARCA
23/12/2023,010051MA30002,IVANO,30,NEGRO BLANCO NUEVO,130.00,68.00,CAJAMARCA
23/12/2023,010051MA31001,IVANO,31,NEGRO BLANCO NUEVO,130.00,68.00,CAJAMARCA
23/12/2023,010051MA31002,IVANO,31,NEGRO BLANCO NUEVO,130.00,68.00,CAJAMARCA
23/12/2023,010051MA32001,IVANO,32,NEGRO BLANCO NUEVO,130.00,68.00,CAJAMARCA
23/12/2023,010051MA32002,IVANO,32,NEGRO BLANCO NUEVO,130.00,68.00,CAJAMARCA
23/12/2023,010052MA27001,IVANO,27,AZULMARINO BLANCO NUEVO,130.00,68.00,CAJAMARCA
23/12/2023,010052MA28001,IVANO,28,AZULMARINO BLANCO NUEVO,130.00,68.00,CAJAMARCA
23/12/2023,010052MA28002,IVANO,28,AZULMARINO BLANCO NUEVO,130.00,68.00,CAJAMARCA
23/12/2023,010052MA29001,IVANO,29,AZULMARINO BLANCO NUEVO,130.00,68.00,CAJAMARCA
23/12/2023,010052MA29002,IVANO,29,AZULMARINO BLANCO NUEVO,130.00,68.00,CAJAMARCA
23/12/2023,010052MA30001,IVANO,30,AZULMARINO BLANCO NUEVO,130.00,68.00,CAJAMARCA
23/12/2023,010052MA30002,IVANO,30,AZULMARINO BLANCO NUEVO,130.00,68.00,CAJAMARCA
23/12/2023,010052MA31001,IVANO,31,AZULMARINO BLANCO NUEVO,130.00,68.00,CAJAMARCA
23/12/2023,010052MA32001,IVANO,32,AZULMARINO BLANCO NUEVO,130.00,68.00,CAJAMARCA
23/12/2023,010052MA32002,IVANO,32,AZULMARINO BLANCO NUEVO,130.00,68.00,CAJAMARCA
23/12/2023,010053MA27001,IVANO,27,NEGRO NEGRO NUEVO,130.00,68.00,CAJAMARCA
23/12/2023,010053MA28001,IVANO,28,NEGRO NEGRO NUEVO,130.00,68.00,CAJAMARCA
23/12/2023,010053MA29001,IVANO,29,NEGRO NEGRO NUEVO,130.00,68.00,CAJAMARCA
23/12/2023,010053MA30001,IVANO,30,NEGRO NEGRO NUEVO,130.00,68.00,CAJAMARCA
23/12/2023,010053MA31001,IVANO,31,NEGRO NEGRO NUEVO,130.00,68.00,CAJAMARCA
23/12/2023,010053MA32001,IVANO,32,NEGRO NEGRO NUEVO,130.00,68.00,CAJAMARCA
23/12/2023,010054MA35001,PUNTO,35,NEGRO ROSADO VALENCIAGA,155.00,110.00,CAJAMARCA
23/12/2023,010054MA35002,PUNTO,35,NEGRO ROSADO VALENCIAGA,155.00,110.00,CAJAMARCA
23/12/2023,010054MA36001,PUNTO,36,NEGRO ROSADO VALENCIAGA,155.00,110.00,CAJAMARCA
23/12/2023,010054MA36002,PUNTO,36,NEGRO ROSADO VALENCIAGA,155.00,110.00,CAJAMARCA
23/12/2023,010054MA36003,PUNTO,36,NEGRO ROSADO VALENCIAGA,155.00,110.00,CAJAMARCA
23/12/2023,010054MA37001,PUNTO,37,NEGRO ROSADO VALENCIAGA,155.00,110.00,CAJAMARCA
23/12/2023,010054MA38001,PUNTO,38,NEGRO ROSADO VALENCIAGA,155.00,110.00,CAJAMARCA
23/12/2023,010055MA35002,PUNTO,35,NEGRO LILA UVA-VALENCIAGA,155.00,110.00,CAJAMARCA
23/12/2023,010055MA36001,PUNTO,36,NEGRO LILA UVA-VALENCIAGA,155.00,110.00,CAJAMARCA
23/12/2023,010055MA36002,PUNTO,36,NEGRO LILA UVA-VALENCIAGA,155.00,110.00,CAJAMARCA
23/12/2023,010055MA36003,PUNTO,36,NEGRO LILA UVA-VALENCIAGA,155.00,110.00,CAJAMARCA
23/12/2023,010055MA37001,PUNTO,37,NEGRO LILA UVA-VALENCIAGA,155.00,110.00,CAJAMARCA
23/12/2023,010055MA37003,PUNTO,37,NEGRO LILA UVA-VALENCIAGA,155.00,110.00,CAJAMARCA
23/12/2023,010056MA36001,PUNTO,36,BLANCO AZULCIELO MALLA,155.00,110.00,CAJAMARCA
23/12/2023,010056MA36002,PUNTO,36,BLANCO AZULCIELO MALLA,155.00,110.00,CAJAMARCA
23/12/2023,010056MA37001,PUNTO,37,BLANCO AZULCIELO MALLA,155.00,110.00,CAJAMARCA
23/12/2023,010056MA37002,PUNTO,37,BLANCO AZULCIELO MALLA,155.00,110.00,CAJAMARCA
23/12/2023,010056MA37003,PUNTO,37,BLANCO AZULCIELO MALLA,155.00,110.00,CAJAMARCA
23/12/2023,010056MA38001,PUNTO,38,BLANCO AZULCIELO MALLA,155.00,110.00,CAJAMARCA
23/12/2023,010056MA38002,PUNTO,38,BLANCO AZULCIELO MALLA,155.00,110.00,CAJAMARCA
23/12/2023,010056MA39001,PUNTO,39,BLANCO AZULCIELO MALLA,155.00,110.00,CAJAMARCA
23/12/2023,010057MA30001,PUNTO,30,NEGRO ROSADO UVA-VALENCIAGA,135.00,90.00,CAJAMARCA
23/12/2023,010057MA32001,PUNTO,32,NEGRO ROSADO UVA-VALENCIAGA,135.00,90.00,CAJAMARCA
23/12/2023,010058MA36001,PUNTO,36,HUESO PLOMO VERDE,155.00,110.00,CAJAMARCA
23/12/2023,010058MA36002,PUNTO,36,HUESO PLOMO VERDE,155.00,110.00,CAJAMARCA
23/12/2023,010058MA36003,PUNTO,36,HUESO PLOMO VERDE,155.00,110.00,CAJAMARCA
23/12/2023,010058MA37001,PUNTO,37,HUESO PLOMO VERDE,155.00,110.00,CAJAMARCA
23/12/2023,010058MA37002,PUNTO,37,HUESO PLOMO VERDE,155.00,110.00,CAJAMARCA
23/12/2023,010058MA37003,PUNTO,37,HUESO PLOMO VERDE,155.00,110.00,CAJAMARCA
23/12/2023,010059MA39001,PUNTO,39,BLANCO CELESTE NEGRO-URBANA,160.00,110.00,CAJAMARCA
23/12/2023,010059MA39002,PUNTO,39,BLANCO CELESTE NEGRO-URBANA,160.00,110.00,CAJAMARCA
23/12/2023,010059MA40001,PUNTO,40,BLANCO CELESTE NEGRO-URBANA,160.00,110.00,CAJAMARCA
23/12/2023,010059MA40002,PUNTO,40,BLANCO CELESTE NEGRO-URBANA,160.00,110.00,CAJAMARCA
23/12/2023,010059MA41001,PUNTO,41,BLANCO CELESTE NEGRO-URBANA,160.00,110.00,CAJAMARCA
23/12/2023,010060MA36001,PUNTO,36,BLANCO CELESTE NEGRO-URBANA,155.00,110.00,CAJAMARCA
23/12/2023,010060MA36002,PUNTO,36,BLANCO CELESTE NEGRO-URBANA,155.00,110.00,CAJAMARCA
23/12/2023,010060MA37001,PUNTO,37,BLANCO CELESTE NEGRO-URBANA,155.00,110.00,CAJAMARCA
23/12/2023,010060MA37002,PUNTO,37,BLANCO CELESTE NEGRO-URBANA,155.00,110.00,CAJAMARCA
23/12/2023,010060MA37003,PUNTO,37,BLANCO CELESTE NEGRO-URBANA,155.00,110.00,CAJAMARCA
23/12/2023,010060MA38001,PUNTO,38,BLANCO CELESTE NEGRO-URBANA,155.00,110.00,CAJAMARCA
23/12/2023,010060MA38002,PUNTO,38,BLANCO CELESTE NEGRO-URBANA,155.00,110.00,CAJAMARCA
23/12/2023,010060MA39001,PUNTO,39,BLANCO CELESTE NEGRO-URBANA,155.00,110.00,CAJAMARCA
23/12/2023,010061MA36001,PUNTO,36,BLANCO PLOMO MALLA-VALENCIAGA,155.00,110.00,CAJAMARCA
23/12/2023,010061MA37001,PUNTO,37,BLANCO PLOMO MALLA-VALENCIAGA,155.00,110.00,CAJAMARCA
23/12/2023,010061MA37002,PUNTO,37,BLANCO PLOMO MALLA-VALENCIAGA,155.00,110.00,CAJAMARCA
23/12/2023,010061MA38001,PUNTO,38,BLANCO PLOMO MALLA-VALENCIAGA,155.00,110.00,CAJAMARCA
23/12/2023,010061MA38002,PUNTO,38,BLANCO PLOMO MALLA-VALENCIAGA,155.00,110.00,CAJAMARCA
23/12/2023,010061MA39001,PUNTO,39,BLANCO PLOMO MALLA-VALENCIAGA,155.00,110.00,CAJAMARCA
23/12/2023,010061MA39002,PUNTO,39,BLANCO PLOMO MALLA-VALENCIAGA,155.00,110.00,CAJAMARCA
23/12/2023,010061MA40001,PUNTO,40,BLANCO PLOMO MALLA-VALENCIAGA,155.00,110.00,CAJAMARCA
23/12/2023,010062MA39001,PUNTO,39,BLANCO ROJO-AZUL PLOMO,160.00,110.00,CAJAMARCA
23/12/2023,010062MA40001,PUNTO,40,BLANCO ROJO-AZUL PLOMO,160.00,110.00,CAJAMARCA
23/12/2023,010062MA40002,PUNTO,40,BLANCO ROJO-AZUL PLOMO,160.00,110.00,CAJAMARCA
23/12/2023,010062MA41002,PUNTO,41,BLANCO ROJO-AZUL PLOMO,160.00,110.00,CAJAMARCA
23/12/2023,010062MA42001,PUNTO,42,BLANCO ROJO-AZUL PLOMO,160.00,110.00,CAJAMARCA
23/12/2023,010062MA43001,PUNTO,43,BLANCO ROJO-AZUL PLOMO,160.00,110.00,CAJAMARCA
23/12/2023,010063MA36001,PUNTO,36,BLANCO NEGRO ROJO,155.00,110.00,CAJAMARCA
23/12/2023,010063MA36002,PUNTO,36,BLANCO NEGRO ROJO,155.00,110.00,CAJAMARCA
23/12/2023,010063MA37001,PUNTO,37,BLANCO NEGRO ROJO,155.00,110.00,CAJAMARCA
23/12/2023,010063MA37003,PUNTO,37,BLANCO NEGRO ROJO,155.00,110.00,CAJAMARCA
23/12/2023,010063MA38002,PUNTO,38,BLANCO NEGRO ROJO,155.00,110.00,CAJAMARCA
23/12/2023,010063MA39001,PUNTO,39,BLANCO NEGRO ROJO,155.00,110.00,CAJAMARCA
23/12/2023,010064MA38001,PUNTO,38,BLANCO NEGRO ROJO,155.00,110.00,CAJAMARCA
23/12/2023,010065MA37001,PUNTO,37,BLANCO AZUL-ROJO PLOMO,155.00,110.00,CAJAMARCA
23/12/2023,010066MA36001,PUNTO,36,BLANCO AZUL ROJO,155.00,110.00,CAJAMARCA
23/12/2023,010066MA36002,PUNTO,36,BLANCO AZUL ROJO,155.00,110.00,CAJAMARCA
23/12/2023,010066MA37001,PUNTO,37,BLANCO AZUL ROJO,155.00,110.00,CAJAMARCA
23/12/2023,010066MA37002,PUNTO,37,BLANCO AZUL ROJO,155.00,110.00,CAJAMARCA
23/12/2023,010066MA38001,PUNTO,38,BLANCO AZUL ROJO,155.00,110.00,CAJAMARCA
23/12/2023,010066MA38002,PUNTO,38,BLANCO AZUL ROJO,155.00,110.00,CAJAMARCA
23/12/2023,010067MA38001,KALOIS,38,AZUL GRAVADO PASADOR,170.00,98.00,CAJAMARCA
23/12/2023,010067MA39001,KALOIS,39,AZUL GRAVADO PASADOR,170.00,98.00,CAJAMARCA
23/12/2023,010067MA39002,KALOIS,39,AZUL GRAVADO PASADOR,170.00,98.00,CAJAMARCA
23/12/2023,010067MA40001,KALOIS,40,AZUL GRAVADO PASADOR,170.00,98.00,CAJAMARCA
23/12/2023,010067MA41001,KALOIS,41,AZUL GRAVADO PASADOR,170.00,98.00,CAJAMARCA
23/12/2023,010067MA41002,KALOIS,41,AZUL GRAVADO PASADOR,170.00,98.00,CAJAMARCA
23/12/2023,010067MA41003,KALOIS,41,AZUL GRAVADO PASADOR,170.00,98.00,CAJAMARCA
23/12/2023,010067MA42001,KALOIS,42,AZUL GRAVADO PASADOR,170.00,98.00,CAJAMARCA
23/12/2023,010067MA42002,KALOIS,42,AZUL GRAVADO PASADOR,170.00,98.00,CAJAMARCA
23/12/2023,010067MA43001,KALOIS,43,AZUL GRAVADO PASADOR,170.00,98.00,CAJAMARCA
23/12/2023,010068MA38001,KALOIS,38,MARRON GRAVADO-AZUL PASADOR,170.00,98.00,CAJAMARCA
23/12/2023,010068MA39001,KALOIS,39,MARRON GRAVADO-AZUL PASADOR,170.00,98.00,CAJAMARCA
23/12/2023,010068MA39002,KALOIS,39,MARRON GRAVADO-AZUL PASADOR,170.00,98.00,CAJAMARCA
23/12/2023,010068MA40001,KALOIS,40,MARRON GRAVADO-AZUL PASADOR,170.00,98.00,CAJAMARCA
23/12/2023,010068MA40003,KALOIS,40,MARRON GRAVADO-AZUL PASADOR,170.00,98.00,CAJAMARCA
23/12/2023,010068MA41001,KALOIS,41,MARRON GRAVADO-AZUL PASADOR,170.00,98.00,CAJAMARCA
23/12/2023,010068MA41002,KALOIS,41,MARRON GRAVADO-AZUL PASADOR,170.00,98.00,CAJAMARCA
23/12/2023,010068MA41003,KALOIS,41,MARRON GRAVADO-AZUL PASADOR,170.00,98.00,CAJAMARCA
23/12/2023,010068MA42001,KALOIS,42,MARRON GRAVADO-AZUL PASADOR,170.00,98.00,CAJAMARCA
23/12/2023,010068MA42002,KALOIS,42,MARRON GRAVADO-AZUL PASADOR,170.00,98.00,CAJAMARCA
23/12/2023,010068MA43001,KALOIS,43,MARRON GRAVADO-AZUL PASADOR,170.00,98.00,CAJAMARCA
23/12/2023,010069MA38001,KALOIS,38,NEGRO GRAVADO-MARRON PASADOR,170.00,98.00,CAJAMARCA
23/12/2023,010069MA39001,KALOIS,39,NEGRO GRAVADO-MARRON PASADOR,170.00,98.00,CAJAMARCA
23/12/2023,010069MA39002,KALOIS,39,NEGRO GRAVADO-MARRON PASADOR,170.00,98.00,CAJAMARCA
23/12/2023,010069MA40001,KALOIS,40,NEGRO GRAVADO-MARRON PASADOR,170.00,98.00,CAJAMARCA
23/12/2023,010069MA40002,KALOIS,40,NEGRO GRAVADO-MARRON PASADOR,170.00,98.00,CAJAMARCA
23/12/2023,010069MA40003,KALOIS,40,NEGRO GRAVADO-MARRON PASADOR,170.00,98.00,CAJAMARCA
23/12/2023,010069MA41001,KALOIS,41,NEGRO GRAVADO-MARRON PASADOR,170.00,98.00,CAJAMARCA
23/12/2023,010069MA41002,KALOIS,41,NEGRO GRAVADO-MARRON PASADOR,170.00,98.00,CAJAMARCA
23/12/2023,010069MA41003,KALOIS,41,NEGRO GRAVADO-MARRON PASADOR,170.00,98.00,CAJAMARCA
23/12/2023,010069MA42001,KALOIS,42,NEGRO GRAVADO-MARRON PASADOR,170.00,98.00,CAJAMARCA
23/12/2023,010069MA42002,KALOIS,42,NEGRO GRAVADO-MARRON PASADOR,170.00,98.00,CAJAMARCA
23/12/2023,010069MA43001,KALOIS,43,NEGRO GRAVADO-MARRON PASADOR,170.00,98.00,CAJAMARCA
23/12/2023,010070MA38001,KALOIS,38,MARRON CANELA PASADOR-GRAVADO,170.00,98.00,CAJAMARCA
23/12/2023,010070MA39001,KALOIS,39,MARRON CANELA PASADOR-GRAVADO,170.00,98.00,CAJAMARCA
23/12/2023,010070MA39002,KALOIS,39,MARRON CANELA PASADOR-GRAVADO,170.00,98.00,CAJAMARCA
23/12/2023,010070MA40001,KALOIS,40,MARRON CANELA PASADOR-GRAVADO,170.00,98.00,CAJAMARCA
23/12/2023,010070MA40002,KALOIS,40,MARRON CANELA PASADOR-GRAVADO,170.00,98.00,CAJAMARCA
23/12/2023,010070MA40003,KALOIS,40,MARRON CANELA PASADOR-GRAVADO,170.00,98.00,CAJAMARCA
23/12/2023,010070MA41001,KALOIS,41,MARRON CANELA PASADOR-GRAVADO,170.00,98.00,CAJAMARCA
23/12/2023,010070MA41002,KALOIS,41,MARRON CANELA PASADOR-GRAVADO,170.00,98.00,CAJAMARCA
23/12/2023,010070MA41003,KALOIS,41,MARRON CANELA PASADOR-GRAVADO,170.00,98.00,CAJAMARCA
23/12/2023,010070MA42001,KALOIS,42,MARRON CANELA PASADOR-GRAVADO,170.00,98.00,CAJAMARCA
23/12/2023,010070MA42002,KALOIS,42,MARRON CANELA PASADOR-GRAVADO,170.00,98.00,CAJAMARCA
23/12/2023,010070MA43001,KALOIS,43,MARRON CANELA PASADOR-GRAVADO,170.00,98.00,CAJAMARCA
23/12/2023,010071MA38001,KALOIS,38,NEGRO LUSTRABLE PASADOR,170.00,98.00,CAJAMARCA
23/12/2023,010071MA39001,KALOIS,39,NEGRO LUSTRABLE PASADOR,170.00,98.00,CAJAMARCA
23/12/2023,010071MA40001,KALOIS,40,NEGRO LUSTRABLE PASADOR,170.00,98.00,CAJAMARCA
23/12/2023,010071MA40002,KALOIS,40,NEGRO LUSTRABLE PASADOR,170.00,98.00,CAJAMARCA
23/12/2023,010071MA40003,KALOIS,40,NEGRO LUSTRABLE PASADOR,170.00,98.00,CAJAMARCA
23/12/2023,010071MA41001,KALOIS,41,NEGRO LUSTRABLE PASADOR,170.00,98.00,CAJAMARCA
23/12/2023,010071MA41002,KALOIS,41,NEGRO LUSTRABLE PASADOR,170.00,98.00,CAJAMARCA
23/12/2023,010071MA41003,KALOIS,41,NEGRO LUSTRABLE PASADOR,170.00,98.00,CAJAMARCA
23/12/2023,010071MA42001,KALOIS,42,NEGRO LUSTRABLE PASADOR,170.00,98.00,CAJAMARCA
23/12/2023,010071MA42002,KALOIS,42,NEGRO LUSTRABLE PASADOR,170.00,98.00,CAJAMARCA
23/12/2023,010071MA43001,KALOIS,43,NEGRO LUSTRABLE PASADOR,170.00,98.00,CAJAMARCA
23/12/2023,009952MA21001,JIANLEXIONG,21,BLANCO ROSADA GALLETAS,.00,65.00,CAJAMARCA
23/12/2023,009431MA42001,I-FREE,42,NEGRO PLOMO TODOTERRENO,.00,97.00,CAJAMARCA
20/12/2023,007954MA33001,BABODOG JHUNIOR,33,NEGRO ROJO GOMA,.00,77.00,CAJAMARCA
21/12/2023,009484MA37003,I-RUN,37,BLANCO AZUL FIBRA-GOMA,.00,102.00,CAJAMARCA
24/12/2023,010072MA29001,KITS NSEVEN,29,BEIG MARRON URBANO,115.00,70.00,CAJAMARCA
24/12/2023,009904MA36001,NEW ATHLETIC,36,BOTIN NEGRO BLANCO,.00,120.00,CAJAMARCA
24/12/2023,009871MA35001,IVANO,35,NEGRO BLANCO CLASICO,.00,77.00,CAJAMARCA
24/12/2023,009448MA42003,DROMEDAR,42,BLANCO NEGRO GOMA,.00,120.00,CAJAMARCA
21/12/2023,009951MA17002,JIANLEXIONG,17,BLANCO VERDE GALLETA,.00,65.00,CAJAMARCA
21/12/2023,010013MA39001,I-FREE,39,NEGRO PLOMO TODOTERRENO,.00,98.00,CAJAMARCA
24/12/2023,009588MA31001,KIDS,31,ROSADO PLOMO VERDE,.00,77.00,CAJAMARCA
24/12/2023,005591MA22002,BABUDOG,22,ROSADO LILA GOMA,.00,57.00,CAJAMARCA
24/12/2023,008338MA36001,YOMAX,36,VERDE VERDE MALLA,.00,82.00,CAJAMARCA
22/12/2023,009953MA29001,BEIDITU,29,CREMA BEIG URBANA,.00,69.00,CAJAMARCA
22/12/2023,009390MA36003,I-RUN,36,NEGRO BLANCO TEJIDO,.00,87.00,CAJAMARCA
22/12/2023,008215MA39004,WALON,39,NEGRO VERDE-JADE GOMA,.00,78.00,CAJAMARCA
22/12/2023,009928MA24001,MINI MIFEI,24,VERDEAGUA PLOMO BEIG,.00,68.00,CAJAMARCA
