8833,11/08/2023,23/12/2023,09:18:46,009554MA38001,NEW ATHLETIC,38,PLOMO-CAPSULA ROSADO VALENCIAGA,116.00,CAJAMARCA,PAMELA,CAJAMARCA,154.00,electronico,YAPE,
8967,08/11/2023,24/12/2023,09:27:10,009845MA38002,PUNTO,38,HUESO VERDE PREMIUN,109.00,CAJAMARCA,CARLITOS,CAJAMARCA,150.00,efectivo,CAMBIO,
8749,07/08/2023,22/12/2023,09:37:03,009536MA37001,NAPOLES,37,NEGRO MOCASIN PICADO,65.00,CAJAMARCA,PAMELA,CAJAMARCA,100.00,efectivo,,
8968,01/12/2023,24/12/2023,09:44:57,009905MA40001,NEW ATHLETIC,40,BOTIN BLANCO ROJO-NEGRO,121.00,CAJAMARCA,CARLITOS,CAJAMARCA,160.00,efectivo,,
8834,09/01/2020,23/12/2023,09:57:31,003470MA41002,RAGGIO,41,BAJO MINERO  CUERO,90.00,LORETO,FRAN,CAJAMARCA,120.00,efectivo,OFERTA,
8637,19/12/2023,20/12/2023,10:00:01,009988MA35002,ADVENZO,35,NIKE BLANCO BLANCO,72.00,CAJAMARCA,KEVIN,CAJAMARCA,155.00,efectivo,CAMBIO,
8558,08/11/2023,18/12/2023,10:05:59,009847MA41002,PUNTO,41,PLOMO BANCO PREMIUN,109.00,CAJAMARCA,CARLITOS,CAJAMARCA,145.00,efectivo,45 yape,
8559,06/06/2022,18/12/2023,10:09:28,007466MA32001,PUNTO,32,AZULMARINO TEJIDO GOMA,77.00,CAJAMARCA,JACK,CAJAMARCA,110.00,efectivo,,
8560,11/11/2023,18/12/2023,10:11:00,009853MA39001,NEW ATHLETIC,39,NEGRO PLOMO TO-TERRENO,111.00,CAJAMARCA,PAMELA,CAJAMARCA,155.00,efectivo,,
8561,27/07/2023,18/12/2023,10:13:51,009482MA25001,YOMAX,25,AZULMARINO ROJO GOMA,77.00,CAJAMARCA,PAMELA,CAJAMARCA,115.00,efectivo,,
8835,27/05/2023,23/12/2023,10:22:11,009171MA40002,CLIFOR,40,NEGRO COSIDO LUSTRABLE,81.00,CAJAMARCA,JACK,CAJAMARCA,130.00,efectivo,,
8562,27/07/2023,18/12/2023,10:22:16,009505MA37002,YOU,37,HUESO LILA ROSADO,101.00,CAJAMARCA,CARLITOS,CAJAMARCA,130.00,electronico,YAPE-oferta,
8969,20/12/2023,24/12/2023,10:23:16,009897MA35001,DROMEDAR,35,BOTIN BLANCO ROJO,90.00,CAJAMARCA,KEVIN,CAJAMARCA,130.00,efectivo,,
8836,19/12/2023,23/12/2023,10:23:58,009994MA36001,JUTU,36,NEGRO BLANCO ESCONDIDO,107.00,CAJAMARCA,FRAN,CAJAMARCA,145.00,efectivo,,
8970,25/07/2023,24/12/2023,10:25:00,009458MA35001,DROMEDAR,35,NEGRO BLANCO GOMA,92.00,CAJAMARCA,KEVIN,CAJAMARCA,130.00,efectivo,,
8696,13/01/2022,21/12/2023,10:28:39,006835MA40002,I-RUN,40,AZULMARINO CELESTE JADE,92.00,CAJAMARCA,CARLITOS,CAJAMARCA,130.00,efectivo,,
8697,14/05/2021,21/12/2023,10:28:59,005537MA37003,IRUN,37,AZUL BLANCO CAPSULA,98.00,CAJAMARCA,CARLITOS,CAJAMARCA,130.00,efectivo,,
8971,15/08/2023,24/12/2023,10:33:00,009568MA42001,I-FREE,42,NEGRO-IPREMIABLE PLOMO TODOTERRENO,97.00,CAJAMARCA,JACK,CAJAMARCA,140.00,electronico,yape,
8972,05/12/2023,24/12/2023,10:33:35,009934MA40002,I-RUN,40,BLANCO NEGRO VALENCIAGA,107.00,CAJAMARCA,PAMELA,CAJAMARCA,150.00,efectivo,,
8973,07/08/2023,24/12/2023,10:34:29,009535MA34001,NAPOLES,34,MARRON-VICUÑA MOCASIN PICADO,65.00,CAJAMARCA,JACK,CAJAMARCA,100.00,electronico,yape,
8750,19/07/2023,22/12/2023,10:35:03,009423MA42002,IVANO,42,VERDE-PETRO GAMUZA NUEVO,72.00,CAJAMARCA,JACK,CAJAMARCA,124.00,efectivo,,
9156,23/12/2023,25/12/2023,10:42:31,010066MA39001,PUNTO,39,BLANCO AZUL ROJO,110.00,CAJAMARCA,KEVIN,CAJAMARCA,145.00,efectivo,,
8974,19/12/2023,24/12/2023,10:43:24,010004MA34002,I-FREE,34,PLOMO PLOMO TODOTERRENO,87.00,CAJAMARCA,JACK,CAJAMARCA,130.00,efectivo,,
8975,26/08/2023,24/12/2023,10:43:38,009547MA35001,CAMILUH,35,NEGRO-CIERRE LUSTRABLE BAJO,90.00,CAJAMARCA,JACK,CAJAMARCA,130.00,efectivo,,
8976,21/12/2021,24/12/2023,10:43:55,006661MA36002,DROMEDAR,36,AZUL JADE BLANCO,82.00,CAJAMARCA,JACK,CAJAMARCA,125.00,efectivo,,
8977,26/06/2023,24/12/2023,10:44:07,009325MA37001,NEW ATHLETIC,37,AZUL TEGIDO GOMA,70.00,CAJAMARCA,JACK,CAJAMARCA,80.00,efectivo,,
8978,04/09/2023,24/12/2023,10:44:43,009655MA39001,FEDERLAN,39,OLIVO MARRON GRAVADO-BOTIN,90.00,CAJAMARCA,KEVIN,CAJAMARCA,130.00,efectivo,,
9157,24/03/2023,25/12/2023,10:45:49,008913MA40003,WALON,40,BLANCO CUERO GOMA,81.00,CAJAMARCA,PAMELA,CAJAMARCA,125.00,efectivo,,
8979,24/06/2023,24/12/2023,10:47:13,009297MA36002,NEW ATHLETIC,36,NEGRO GUINDO GOMA,118.00,CAJAMARCA,JACK,CAJAMARCA,140.00,efectivo,,
9158,03/12/2023,25/12/2023,10:47:18,009912MA39001,I-RUN,39,BOTIN BLANCO VERDE,108.00,CAJAMARCA,KEVIN,CAJAMARCA,160.00,electronico,IZIPAY,
8980,23/12/2023,24/12/2023,10:51:49,010057MA34002,PUNTO,34,NEGRO ROSADO UVA-VALENCIAGA,90.00,CAJAMARCA,KEVIN,CAJAMARCA,130.00,efectivo,,
8638,27/07/2023,20/12/2023,10:53:18,009486MA30001,C-DUCK COOL,30,BLANCO NEGRO URBANA,75.00,CAJAMARCA,CARLITOS,CAJAMARCA,105.00,efectivo,,
8981,05/12/2023,24/12/2023,10:55:24,009951MA18001,JIANLEXIONG,18,BLANCO VERDE GALLETA,65.00,CAJAMARCA,KEVIN,CAJAMARCA,100.00,efectivo,,
8982,11/11/2023,24/12/2023,10:57:49,009856MA38001,NEW ATHLETIC,38,NEGRO LILA-TODO TERRENO,111.00,CAJAMARCA,PAMELA,CAJAMARCA,150.00,efectivo,,
8563,07/03/2023,18/12/2023,10:57:55,008852MA35003,ESPACE PRETY MATS,35,BLANCO CUERO VARIOS,50.00,CAJAMARCA,PAMELA,CAJAMARCA,60.00,efectivo,OFERTA,
8564,15/09/2023,18/12/2023,10:58:20,009694MA35001,ANDALOZ,35,BOTIN NEGRO CUERO,70.00,CAJAMARCA,PAMELA,CAJAMARCA,58.00,efectivo,OFERTA,
8983,26/01/2021,24/12/2023,10:58:29,005074MA29001,JHORDAN NACIONAL,29,BOTIN ROSADA BLANCO,38.00,CAJAMARCA,CARLITOS,CAJAMARCA,40.00,efectivo,,
8565,26/11/2019,18/12/2023,10:58:47,002170MA35001,IVANO,35,VANS AZUL ACERO GAMUZA,70.00,LORETO,PAMELA,CAJAMARCA,70.00,efectivo,OFERTA,
8984,11/11/2023,24/12/2023,10:58:48,009852MA42001,NEW ATHLETIC,42,VERDE MILITAR TO-TERRENO,112.00,CAJAMARCA,DIEGO,CAJAMARCA,153.00,efectivo,,
8985,21/12/2023,24/12/2023,10:59:03,010044MA37002,NEW ATHLETIC,37,NEGRO PLATA DEPORTIVO,112.00,CAJAMARCA,DIEGO,CAJAMARCA,145.00,efectivo,,
8566,13/03/2021,18/12/2023,10:59:10,005218MA35003,MATS PIVAS NIKITA,35,BLANCO ESCOLAR CUERO,49.00,CAJAMARCA,PAMELA,CAJAMARCA,25.00,efectivo,OFERTA,
9159,23/12/2023,25/12/2023,11:00:20,010067MA40003,KALOIS,40,AZUL GRAVADO PASADOR,98.00,CAJAMARCA,JACK,CAJAMARCA,160.00,efectivo,,
8986,08/09/2023,24/12/2023,11:00:21,009659MA33001,VIERI,33,NEGRO ROJO DEPORTIVO,94.00,CAJAMARCA,FRAN,CAJAMARCA,113.00,electronico,yape,
8987,11/11/2022,24/12/2023,11:00:35,008214MA40001,WALON,40,NEGRO ROJO GOMA,78.00,CAJAMARCA,FRAN,CAJAMARCA,115.00,electronico,yape,
8988,15/06/2019,24/12/2023,11:02:22,000971MA4101,NEW ATHLETIC,41,CAPSULA TEJIDO/FIBRA A/B,98.00,CAJAMARCA,JACK,CAJAMARCA,100.00,efectivo,,
8989,21/08/2021,24/12/2023,11:02:34,005972MA40001,DROMEDAR-120,40,AZUL AMARILLO GOMA,82.00,CAJAMARCA,JACK,CAJAMARCA,110.00,efectivo,,
8751,25/11/2023,22/12/2023,11:04:46,009869MA34001,IVANO,34,NEGRO BLANCO NUEVO-HUECO,88.00,CAJAMARCA,CARLITOS,CAJAMARCA,125.00,electronico,YAPE,
8990,27/07/2023,24/12/2023,11:07:54,009495MA37001,I-FREE,37,NEGRO NEGRO TODOTERRENO,97.00,CAJAMARCA,CARLITOS,CAJAMARCA,140.00,efectivo,,
8991,11/11/2023,24/12/2023,11:08:10,009850MA41002,NEW ATHLETIC,41,NEGRO NEGRO TO-TERRENO,112.00,CAJAMARCA,CARLITOS,CAJAMARCA,153.00,efectivo,,
8752,05/12/2023,22/12/2023,11:08:17,009936MA37001,I-RUN,37,NEGRO ROSADA MALLA,100.00,CAJAMARCA,JACK,CAJAMARCA,143.00,efectivo,,
8837,03/12/2023,23/12/2023,11:11:08,009930MA27001,KITS NSEVEN,27,BEIG MARRON URBANO,72.00,CAJAMARCA,FRAN,CAJAMARCA,100.00,electronico,YAPE,
8992,17/12/2023,24/12/2023,11:11:18,009874MA41001,KALOIS,41,BOTIN NEGRO NOBUK-GRAVADO,98.00,CAJAMARCA,KEVIN,CAJAMARCA,175.00,efectivo,,
9160,09/09/2023,25/12/2023,11:12:41,009666MA34001,VIERI,34,BLANCO DORADO DEPORTIVO,92.00,CAJAMARCA,KEVIN,CAJAMARCA,124.00,efectivo,,
9161,05/07/2023,25/12/2023,11:13:50,007548MA40002,KALOUIS,40,BOTIN HABANO LUSTRABLE- GRABADO,92.00,CAJAMARCA,PAMELA,CAJAMARCA,168.00,efectivo,,
8993,19/07/2023,24/12/2023,11:14:16,009423MA40003,IVANO,40,VERDE-PETRO GAMUZA NUEVO,72.00,CAJAMARCA,PAMELA,CAJAMARCA,125.00,efectivo,,
8639,21/12/2019,20/12/2023,11:15:30,003078MA39001,NEW ATHLETIC,39,BURBUJA AZUL,100.00,CAJAMARCA,DIEGO,CAJAMARCA,145.00,efectivo,,
8994,02/03/2022,24/12/2023,11:19:42,007004MA40002,NEEK,40,BOTIN AZUL BLANCO,111.00,CAJAMARCA,CARLITOS,CAJAMARCA,140.00,efectivo,,
8995,23/04/2021,24/12/2023,11:21:17,005489MA42001,NEEK,42,BOTIN BLANCO AZUL,107.00,CAJAMARCA,DIEGO,CAJAMARCA,140.00,efectivo,,
8996,19/12/2023,24/12/2023,11:21:49,010003MA36002,I-FREE,36,AZUL ACERO TODOTERRENO,87.00,CAJAMARCA,JACK,CAJAMARCA,135.00,efectivo,,
8997,08/11/2023,24/12/2023,11:23:35,009848MA40001,PUNTO,40,NEGRO PLOMO PREMIUN,109.00,CAJAMARCA,KEVIN,CAJAMARCA,148.00,efectivo,,
8599,05/12/2023,19/12/2023,11:25:19,009947MA37001,PUNTO,37,BLANCO UVA-FIBRA URBANA,107.00,CAJAMARCA,PAMELA,CAJAMARCA,150.00,electronico,YAPE,
8698,18/08/2023,21/12/2023,11:25:30,009571MA42001,KAIDA,42,NEGRO NEGRO BOTIN,110.00,CAJAMARCA,CARLITOS,CAJAMARCA,160.00,efectivo,,
8998,01/12/2023,24/12/2023,11:27:08,009897MA37001,DROMEDAR,37,BOTIN BLANCO ROJO,90.00,CAJAMARCA,FRAN,CAJAMARCA,130.00,efectivo,,
8999,19/10/2023,24/12/2023,11:30:03,009753MA28001,DORAEMON,28,BOTIN AZUL-CESTE BLANCO,77.00,CAJAMARCA,FRAN,CAJAMARCA,113.00,efectivo,,
8838,20/12/2023,23/12/2023,11:31:03,010030MA36001,DROMEDAR,36,BOTIN NEGRO ROJO,92.00,CAJAMARCA,CARLITOS,CAJAMARCA,130.00,efectivo,,
8839,20/12/2023,23/12/2023,11:31:28,010020MA26001,VADY-KITS,26,BOTIN PLOMO ROJO-NEGRO,77.00,CAJAMARCA,PAMELA,CAJAMARCA,110.00,efectivo,,
9000,07/12/2023,24/12/2023,11:32:17,009960MA37001,PUNTO,37,BLANCO ACERO URBANA-FIBRA,117.00,CAJAMARCA,FRAN,CAJAMARCA,150.00,efectivo,,
9001,23/12/2023,24/12/2023,11:32:28,010052MA31002,IVANO,31,AZULMARINO BLANCO NUEVO,68.00,CAJAMARCA,FRAN,CAJAMARCA,113.00,efectivo,,
8640,19/10/2021,20/12/2023,11:32:35,006238MA40003,KALOUIS,40,MOCASIN HABANO LUSTRABLE,82.00,CAJAMARCA,PAMELA,CAJAMARCA,145.00,efectivo,,
9002,20/12/2023,24/12/2023,11:32:38,009860MA40002,IVANO,40,NEGRO BLANCO NUEVO-PICADO,88.00,CAJAMARCA,FRAN,CAJAMARCA,130.00,efectivo,,
9163,09/02/2023,25/12/2023,11:33:18,008713MA30001,KIDS,30,BLANCO VERDE URBANA,72.00,CAJAMARCA,KEVIN,CAJAMARCA,105.00,efectivo,CAMBIO,
8567,28/08/2023,18/12/2023,11:35:01,009585MA30001,RASE DUCK,30,ROSADO BLANCO URBANA,75.00,CAJAMARCA,CARLITOS,CAJAMARCA,108.00,electronico,IZIPAY,
9003,26/11/2020,24/12/2023,11:37:51,004571MA42001,IVANO,42,VANS NEGRO NEGRO,87.00,CAJAMARCA,JACK,CAJAMARCA,120.00,efectivo,,
8641,23/03/2023,20/12/2023,11:38:14,008905MA41001,IVANO,41,NEGRO BLANCO CLASICO,82.00,CAJAMARCA,CARLITOS,CAJAMARCA,120.00,efectivo,,
8840,05/12/2023,23/12/2023,11:38:19,009936MA38002,I-RUN,38,NEGRO ROSADA MALLA,100.00,CAJAMARCA,CARLITOS,CAJAMARCA,145.00,efectivo,,
8753,20/10/2023,22/12/2023,11:38:30,009786MA39002,ADIDAS-NACIONAL,39,NEGRO BLANCO CAMPUS,57.00,CAJAMARCA,PAMELA,CAJAMARCA,125.00,efectivo,,
8642,06/11/2023,20/12/2023,11:38:53,009831MA35001,KOREANA,35,NEISH NEGRO,80.00,CAJAMARCA,JACK,CAJAMARCA,130.00,efectivo,YAPE 30,
8699,28/07/2023,21/12/2023,11:40:26,009529MA40002,CAT NACIONAL,40,NEGRO BLANCO BOTIN,118.00,CAJAMARCA,JACK,CAJAMARCA,175.00,efectivo,,
8754,21/12/2023,22/12/2023,11:40:58,010037MA34001,NEW ATHLETIC,34,TOBILLERRA PLOMO LIMON-DEPORTIVO,98.00,CAJAMARCA,JACK,CAJAMARCA,138.00,efectivo,,
9004,27/07/2023,24/12/2023,11:43:49,009492MA43001,I-FREE,43,NEGRO NEGRO TODOTERRENO,97.00,CAJAMARCA,DIEGO,CAJAMARCA,144.00,efectivo,,
8841,30/08/2023,23/12/2023,11:44:17,009635MA41001,ANDALOZ,41,CARAMELO LUSTRABLE TACO,80.00,CAJAMARCA,FRAN,CAJAMARCA,120.00,efectivo,,
9005,15/08/2023,24/12/2023,11:44:32,009564MA43001,I-FREE,43,AZULMARINO ACERO TODOTERRENO,97.00,CAJAMARCA,DIEGO,CAJAMARCA,144.00,efectivo,,
8600,05/12/2023,19/12/2023,11:45:37,009943MA40002,UNTRALON,40,NEGRO PLOMO CUERO,117.00,CAJAMARCA,JACK,CAJAMARCA,160.00,electronico,TRANSFERENCIA,
8842,30/11/2023,23/12/2023,11:45:49,009880MA35001,KAFEIMAO,35,ROSADO LILA PERILLA,77.00,CAJAMARCA,PAMELA,CAJAMARCA,123.00,efectivo,,
8601,07/12/2023,19/12/2023,11:46:08,009962MA40001,PUNTO,40,BLANCO PLOMO URBANA-FIBRA,117.00,CAJAMARCA,JACK,CAJAMARCA,148.00,electronico,TRANSFERENCIA,
9006,16/07/2023,24/12/2023,11:46:50,009392MA38001,I-RUN,38,PLOMO JADE BLANCO,87.00,CAJAMARCA,CARLITOS,CAJAMARCA,130.00,efectivo,,
8700,20/12/2023,21/12/2023,11:47:48,010011MA40001,I-FREE,40,NEGRO PLOMO TODOTERRENO,98.00,CAJAMARCA,CARLITOS,CAJAMARCA,140.00,efectivo,,
9007,27/07/2023,24/12/2023,11:50:06,009492MA40001,I-FREE,40,NEGRO NEGRO TODOTERRENO,97.00,CAJAMARCA,JACK,CAJAMARCA,145.00,efectivo,,
9008,25/08/2023,24/12/2023,11:50:40,009583MA40001,ADDALOS,40,BOTIN NEGRO LUSTRABLE,92.00,CAJAMARCA,FRAN,CAJAMARCA,135.00,efectivo,,
8701,20/10/2023,21/12/2023,11:51:29,009785MA41001,ADIDAS-NACIONAL,41,NEGRO,57.00,CAJAMARCA,PAMELA,CAJAMARCA,120.00,efectivo,,
8602,29/08/2023,19/12/2023,11:57:12,009600MA42001,KOREANO,42,NEGRO HUESO URBANA,102.00,CAJAMARCA,JACK,CAJAMARCA,140.00,efectivo,,
9164,17/12/2023,25/12/2023,11:57:20,009421MA41002,IVANO,41,NEGRO GAMUZA GUINDO-NUEVO,72.00,CAJAMARCA,JACK,CAJAMARCA,125.00,efectivo,,
9165,07/06/2022,25/12/2023,11:58:06,007510MA36001,CAT NACIONAL,36,AMARILLO BOTIN NOBUK,85.00,CAJAMARCA,JACK,CAJAMARCA,140.00,efectivo,,
8843,09/09/2023,23/12/2023,11:58:39,009676MA38001,CAT NACIONAL,38,NEGRO-PLOMO NOBUK BAJO,87.00,CAJAMARCA,CARLITOS,CAJAMARCA,155.00,electronico,YAPE,
9166,04/03/2022,25/12/2023,11:59:00,007032MA42001,NEW ATHLETIC,42,TOBILLERA ROJO AZUL,111.00,CAJAMARCA,PAMELA,CAJAMARCA,150.00,efectivo,,
8643,23/04/2022,20/12/2023,11:59:08,007191MA41001,RAGGIO PREMIUM,41,BOTIN DUNKAN LIMON,118.00,CAJAMARCA,PAMELA,CAJAMARCA,188.00,efectivo,,
8844,17/06/2023,23/12/2023,11:59:08,009228MA38001,UNDER MACK,38,BOTIN NEGRO PLOMO,96.00,CAJAMARCA,CARLITOS,CAJAMARCA,160.00,electronico,YAPE,
8755,28/03/2023,22/12/2023,12:03:11,008949MA37001,YOU,37,BLANCO PLOMO TACON,102.00,CAJAMARCA,PAMELA,CAJAMARCA,142.00,efectivo,,
8702,18/10/2023,21/12/2023,12:04:44,009731MA41001,WALKING,41,NEGRO BLANCO URBANA,90.00,CAJAMARCA,JACK,CAJAMARCA,143.00,efectivo,,
9167,21/12/2023,25/12/2023,12:05:02,010037MA35002,NEW ATHLETIC,35,TOBILLERRA PLOMO LIMON-DEPORTIVO,98.00,CAJAMARCA,PAMELA,CAJAMARCA,135.00,efectivo,,
9168,13/10/2023,25/12/2023,12:05:19,009719MA36002,NEW ATHLETIC,36,CHIMPUN AZULMARINO LIMON,116.00,CAJAMARCA,PAMELA,CAJAMARCA,148.00,efectivo,,
9009,20/12/2019,24/12/2023,12:05:31,002997MA41001,DROMEDAR,41,BOTIN AZUL/NA,110.00,CAJAMARCA,DIEGO,CAJAMARCA,155.00,efectivo,,
9010,05/12/2023,24/12/2023,12:07:57,009959MA28001,JIANLEXIONG,28,BLANCO MELON AIR,69.00,CAJAMARCA,PAMELA,CAJAMARCA,110.00,electronico,yape,
9011,28/06/2021,24/12/2023,12:08:07,005748MA20001,JUNIOR,20,BOTIN CHAROL PAZADOR,25.00,CAJAMARCA,PAMELA,CAJAMARCA,45.00,electronico,yape,
9012,14/03/2023,24/12/2023,12:08:18,004652MA19002,ELCRIZ,19,PALO ROSA CORREA,25.00,CAJAMARCA,PAMELA,CAJAMARCA,55.00,electronico,yape,
9013,01/12/2023,24/12/2023,12:09:25,009904MA37001,NEW ATHLETIC,37,BOTIN NEGRO BLANCO,120.00,CAJAMARCA,FRAN,CAJAMARCA,158.00,efectivo,,
8756,19/12/2023,22/12/2023,12:10:00,009990MA43001,ADVENZO,43,NIKE BLANCO AZUL,76.00,CAJAMARCA,CARLITOS,CAJAMARCA,145.00,efectivo,,
9169,23/12/2023,25/12/2023,12:10:06,010052MA27002,IVANO,27,AZULMARINO BLANCO NUEVO,68.00,CAJAMARCA,KEVIN,CAJAMARCA,115.00,efectivo,,
9170,19/07/2023,25/12/2023,12:10:20,009427MA34001,IVANO,34,VERDE CUERO NUEVO,82.00,CAJAMARCA,KEVIN,CAJAMARCA,125.00,efectivo,,
8757,24/11/2023,22/12/2023,12:11:14,009866MA42001,IVANO,42,BOTIN NEGRO BLA-NIKE,108.00,CAJAMARCA,JACK,CAJAMARCA,150.00,efectivo,,
8758,19/12/2023,22/12/2023,12:12:41,009985MA38001,ADVENZO,38,BLANCO UVA ACERO,75.00,CAJAMARCA,FRAN,CAJAMARCA,145.00,efectivo,,
8759,26/11/2023,22/12/2023,12:13:47,009876MA37001,IVANO,37,BOTIN NEGRO NIKE-BLANCO,102.00,CAJAMARCA,CARLITOS,CAJAMARCA,140.00,efectivo,,
8845,19/10/2023,23/12/2023,12:14:39,009758MA28001,JIANLEXIONG,28,LILA CELESTE GOMA,80.00,CAJAMARCA,FRAN,CAJAMARCA,108.00,efectivo,,
8644,03/12/2023,20/12/2023,12:15:14,009919MA36001,I-RUN,36,NEGRO ROSADA FIBRA,102.00,CAJAMARCA,PAMELA,CAJAMARCA,150.00,efectivo,,
8703,28/07/2023,21/12/2023,12:15:21,009509MA30001,VIERI,30,AZULMARINO TURQUESA DEPORTIVO,79.00,CAJAMARCA,CARLITOS,CAJAMARCA,115.00,efectivo,,
8846,20/05/2023,23/12/2023,12:16:56,009132MA36003,WALON,36,NEGRO CELESTE TOBILLERA,84.00,CAJAMARCA,PAMELA,CAJAMARCA,123.00,efectivo,,
9014,10/05/2023,24/12/2023,12:18:48,009102MA37001,KAIDA,37,BOTIN AZULMARINO ROSADA,102.00,CAJAMARCA,PAMELA,CAJAMARCA,150.00,electronico,yape,
8847,28/07/2023,23/12/2023,12:25:02,009512MA27001,VIERI,27,NEGRO DORADO DEPORTIVO,79.00,CAJAMARCA,PAMELA,CAJAMARCA,110.00,efectivo,,
9015,15/10/2023,24/12/2023,12:26:49,009110MA41001,APOLO,41,BOTIN NEGRO PLOMO,109.00,CAJAMARCA,FRAN,CAJAMARCA,160.00,efectivo,,
9016,11/05/2023,24/12/2023,12:27:04,009111MA43001,APOLO,43,BOTIN PLOMO NEGRO,109.00,CAJAMARCA,FRAN,CAJAMARCA,160.00,efectivo,,
9017,31/05/2023,24/12/2023,12:32:30,009180MA40001,RAGGIO,40,CYPHER FUMO BOTIN,121.00,CAJAMARCA,PAMELA,CAJAMARCA,190.00,electronico,yape,
9018,20/12/2023,24/12/2023,12:33:56,010009MA41002,I-FREE,41,PLOMO PLOMO TODOTERRENO,98.00,CAJAMARCA,KEVIN,CAJAMARCA,145.00,efectivo,,
9019,03/12/2023,24/12/2023,12:34:19,009922MA37002,I-RUN,37,BOTIN BLANCO ROSDA,107.00,CAJAMARCA,FRAN,CAJAMARCA,150.00,efectivo,,
8760,08/11/2023,22/12/2023,12:37:59,009844MA37002,PUNTO,37,HUESO-AZUL ROJO PREMIUN,109.00,CAJAMARCA,FRAN,CAJAMARCA,145.00,electronico,YAPE 140 y 5 EFECT,
9020,19/12/2023,24/12/2023,12:39:03,009994MA36002,JUTU,36,NEGRO BLANCO ESCONDIDO,107.00,CAJAMARCA,PAMELA,CAJAMARCA,148.00,electronico,IZIPAY,
9021,05/08/2022,24/12/2023,12:40:13,007736MA39002,CAT NACIONAL,39,BOTIN VERDE NOBUK,100.00,CAJAMARCA,JACK,CAJAMARCA,165.00,efectivo,,
9022,30/11/2023,24/12/2023,12:40:29,009879MA32001,KAFEIMAO,32,AZULMARINO AZUL BLANCO-PERILLA,77.00,CAJAMARCA,CARLITOS,CAJAMARCA,120.00,efectivo,,
8848,30/03/2023,23/12/2023,12:41:10,008970MA40002,VARELO,40,NEGRO BLANCO-NARANJA CUERO,100.00,CAJAMARCA,FRAN,CAJAMARCA,133.00,efectivo,,
8849,16/07/2023,23/12/2023,12:41:23,009398MA37002,I-RUN,37,BLANCO LILA VALENCIAGA,96.00,CAJAMARCA,JACK,CAJAMARCA,145.00,efectivo,,
9023,20/10/2023,24/12/2023,12:41:26,009779MA34001,NEW ATHLETIC,34,LILA NEGRO DEPORTIVO,101.00,CAJAMARCA,JACK,CAJAMARCA,135.00,efectivo,,
8645,01/12/2023,20/12/2023,12:44:15,009896MA36001,DROMEDAR,36,BOTIN NEGRO ROJO,90.00,CAJAMARCA,CARLITOS,CAJAMARCA,130.00,efectivo,,
8705,07/12/2023,21/12/2023,12:46:16,009960MA40002,PUNTO,40,BLANCO ACERO URBANA-FIBRA,117.00,CAJAMARCA,CARLITOS,CAJAMARCA,150.00,electronico,CAMBIO,
8850,20/12/2023,23/12/2023,12:47:28,010031MA42002,DROMEDAR,42,BOTIN BLANCO NEGRO-CAPSULA,117.00,CAJAMARCA,CARLITOS,CAJAMARCA,160.00,efectivo,,
9024,25/11/2023,24/12/2023,12:48:47,009871MA36001,IVANO,36,NEGRO BLANCO CLASICO,77.00,CAJAMARCA,KEVIN,CAJAMARCA,123.00,efectivo,,
8851,11/08/2023,23/12/2023,12:49:02,009551MA42001,NEW ATHLETIC,42,NEGRO NEGRO-CAP VALENCIAGA,117.00,CAJAMARCA,CARLITOS,CAJAMARCA,150.00,efectivo,,
9025,27/09/2023,24/12/2023,12:49:54,009584MA27002,JIMIPAND,27,BLANCO AZUL URBANA,70.00,CAJAMARCA,PAMELA,CAJAMARCA,100.00,efectivo,,
9026,03/12/2023,24/12/2023,12:50:05,009919MA38002,I-RUN,38,NEGRO ROSADA FIBRA,102.00,CAJAMARCA,DIEGO,CAJAMARCA,150.00,efectivo,,
8761,07/07/2023,22/12/2023,12:50:52,009349MA37002,PUNTO,37,BLANCO ROJO NEGRO,105.00,CAJAMARCA,PAMELA,CAJAMARCA,140.00,efectivo,,
8762,16/12/2023,22/12/2023,12:51:41,009858MA40004,KALOIS,40,BOTIN RUSTICO MARRON-GOMA,98.00,CAJAMARCA,PAMELA,CAJAMARCA,170.00,efectivo,,
9027,20/10/2023,24/12/2023,12:52:16,009780MA32002,NEW ATHLETIC,32,NEGRO CELESTE DEPORTIVO,101.00,CAJAMARCA,FRAN,CAJAMARCA,135.00,efectivo,,
8763,18/10/2023,22/12/2023,12:52:31,009748MA28002,AIR RUNNING,28,BOTIN NEGRO ROJO-GOMA,77.00,CAJAMARCA,PAMELA,CAJAMARCA,110.00,efectivo,,
8852,28/02/2020,23/12/2023,12:53:02,003867MA41001,MARK AIR,41,PLOMO MOCASIN CORREA,82.00,CAJAMARCA,FRAN,CAJAMARCA,123.00,efectivo,,
8764,21/12/2023,22/12/2023,12:53:57,010041MA40001,NEW ATHLETIC,40,PLOMO PLATA DEPORTIVO,116.00,CAJAMARCA,JACK,CAJAMARCA,150.00,efectivo,,
8853,01/12/2023,23/12/2023,12:54:14,009889MA26001,VABUDOG,26,NEGRO ACERO NARANJA-TERRILLA,70.00,CAJAMARCA,PAMELA,CAJAMARCA,110.00,efectivo,,
8765,07/12/2023,22/12/2023,12:54:24,009961MA40001,PUNTO,40,BLANCO NEGRO URBANA-FIBRA,117.00,CAJAMARCA,JACK,CAJAMARCA,150.00,efectivo,,
8766,18/10/2023,22/12/2023,13:01:22,009729MA35001,WALKING,35,BLANCO LILA URBANA,90.00,CAJAMARCA,CARLITOS,CAJAMARCA,140.00,efectivo,,
8854,03/12/2023,23/12/2023,13:01:27,009925MA30001,AIR RUNNING,30,BOTIN BEIG VERDE-PERILLA,72.00,CAJAMARCA,JACK,CAJAMARCA,110.00,efectivo,,
8855,19/07/2023,23/12/2023,13:02:21,009421MA39003,IVANO,39,NEGRO GAMUZA GUINDO-NUEVO,72.00,CAJAMARCA,CARLITOS,CAJAMARCA,120.00,efectivo,,
8568,07/12/2023,18/12/2023,13:02:53,009965MA37002,PUNTO,37,BLANCO AZULMARINO PLOMO--FIBRA,117.00,CAJAMARCA,JACK,CAJAMARCA,150.00,efectivo,,
8646,28/10/2023,20/12/2023,13:03:34,009813MA40002,CLIFOR,40,NEGRO LUSTRABLE PASADOR,82.00,CAJAMARCA,CARLITOS,CAJAMARCA,130.00,efectivo,,
8767,05/12/2023,22/12/2023,13:04:28,009933MA36002,I-RUN,36,HUMO LILA FIBRA,100.00,CAJAMARCA,CARLITOS,CAJAMARCA,150.00,efectivo,,
9028,25/07/2023,24/12/2023,13:04:46,009445MA42002,DROMEDAR,42,BLANCO AZUL GOMA,120.00,CAJAMARCA,CARLITOS,CAJAMARCA,160.00,efectivo,,
9029,25/07/2023,24/12/2023,13:06:13,009450MA42001,DROMEDAR,42,BLANCO AZUL GOMA,120.00,CAJAMARCA,CARLITOS,CAJAMARCA,160.00,efectivo,,
9030,16/03/2023,24/12/2023,13:08:53,008887MA41004,ATLETIX,41,GRIS PLOMO YOMAX,102.00,CAJAMARCA,KEVIN,CAJAMARCA,140.00,efectivo,,
9031,11/11/2023,24/12/2023,13:09:28,009849MA40001,NEW ATHLETIC,40,PLOMO NEGRO TO-TERRENO,112.00,CAJAMARCA,JACK,CAJAMARCA,150.00,efectivo,,
9032,23/12/2023,24/12/2023,13:12:08,010058MA38002,PUNTO,38,HUESO PLOMO VERDE,110.00,CAJAMARCA,FRAN,CAJAMARCA,140.00,efectivo,,
9033,06/08/2019,24/12/2023,13:14:46,001425MA3901,THERIUM,39,BAJO COLORES,75.00,CAJAMARCA,JACK,CAJAMARCA,110.00,efectivo,,
8768,06/06/2022,22/12/2023,13:14:58,007493MA40001,CAT,40,BOTIN VERDE NOBUK,100.00,CAJAMARCA,FRAN,CAJAMARCA,165.00,efectivo,,
8769,27/10/2022,22/12/2023,13:15:43,008178MA40003,KLOUIS,40,BOTIN OLIVO GOMA,97.00,CAJAMARCA,FRAN,CAJAMARCA,170.00,efectivo,,
9034,27/07/2023,24/12/2023,13:15:48,009491MA41001,I-FREE,41,AZULACERO PLOMO TODOTERRENO,97.00,CAJAMARCA,JACK,CAJAMARCA,145.00,efectivo,,
8770,11/08/2023,22/12/2023,13:18:22,009550MA41003,NEW ATHLETIC,41,NEGRO BLANCO-CAPSULA VALENCIAGA,117.00,CAJAMARCA,FRAN,CAJAMARCA,154.00,efectivo,,
8856,04/09/2023,23/12/2023,13:20:10,009312MA36002,CAT NACIONAL,36,COCOA NOBUK BOTIN,82.00,CAJAMARCA,JACK,CAJAMARCA,150.00,efectivo,,
9035,19/12/2023,24/12/2023,13:24:13,009988MA38001,ADVENZO,38,NIKE BLANCO BLANCO,72.00,CAJAMARCA,JACK,CAJAMARCA,150.00,efectivo,,
9036,23/12/2023,24/12/2023,13:28:42,010068MA40002,KALOIS,40,MARRON GRAVADO-AZUL PASADOR,98.00,CAJAMARCA,KEVIN,CAJAMARCA,160.00,efectivo,,
9037,25/07/2023,24/12/2023,13:29:28,009450MA43002,DROMEDAR,43,BLANCO AZUL GOMA,120.00,CAJAMARCA,FRAN,CAJAMARCA,160.00,efectivo,,
9038,20/12/2023,24/12/2023,13:32:50,010030MA37001,DROMEDAR,37,BOTIN NEGRO ROJO,92.00,CAJAMARCA,FRAN,CAJAMARCA,130.00,efectivo,,
8706,06/10/2023,21/12/2023,13:34:06,009708MA40002,PUNTO,40,PLOMO NEGRO VALENCIAGA,110.00,CAJAMARCA,PAMELA,CAJAMARCA,140.00,efectivo,,
8569,17/03/2023,18/12/2023,13:39:04,008895MA39002,WALON,39,BLANCO GOMA COCOS,81.00,CAJAMARCA,CARLITOS,CAJAMARCA,117.00,efectivo,,
8771,31/08/2023,22/12/2023,13:39:53,009637MA40001,FEDERLAN,40,AZUL GUINDO-NOBUK BAJO,80.00,CAJAMARCA,CARLITOS,CAJAMARCA,125.00,efectivo,,
9039,01/12/2023,24/12/2023,13:40:06,009887MA33001,KDM,33,LILA CELESTE BLANCO-PERIA,77.00,CAJAMARCA,CARLITOS,CAJAMARCA,120.00,efectivo,,
8857,29/08/2023,23/12/2023,13:58:04,009613MA40001,CAT NACIONAL,40,MARRON ORO BOTIN,115.00,CAJAMARCA,CARLITOS,CAJAMARCA,170.00,efectivo,,
8858,05/12/2023,23/12/2023,13:58:47,009940MA37002,I-RUN,37,NEGRO BLANCO MALLA,100.00,CAJAMARCA,CARLITOS,CAJAMARCA,145.00,efectivo,,
8603,03/12/2023,19/12/2023,13:58:53,009922MA38001,I-RUN,38,BOTIN BLANCO ROSDA,107.00,CAJAMARCA,JACK,CAJAMARCA,160.00,efectivo,,
8604,31/05/2023,19/12/2023,14:00:32,009189MA42001,KLOUIS,42,NEGRO NOBUK-GOMA BOTIN,97.00,CAJAMARCA,PAMELA,CAJAMARCA,165.00,efectivo,,
8859,30/08/2023,23/12/2023,14:01:06,009634MA40001,FEDERLAN,40,LUCMA NOBUK BOTIN-CORRIDO,85.00,CAJAMARCA,FRAN,CAJAMARCA,130.00,efectivo,,
8707,26/12/2021,21/12/2023,14:02:24,006728MA37001,CAMILUH,37,CHOCOLATE NOBUK CIERRE,83.00,CAJAMARCA,KEVIN,CAJAMARCA,128.00,electronico,YAPE,
9040,11/11/2023,24/12/2023,14:03:20,009856MA36002,NEW ATHLETIC,36,NEGRO LILA-TODO TERRENO,111.00,CAJAMARCA,JACK,CAJAMARCA,153.00,efectivo,,
8860,11/11/2023,23/12/2023,14:03:33,009850MA40001,NEW ATHLETIC,40,NEGRO NEGRO TO-TERRENO,112.00,CAJAMARCA,KEVIN,CAJAMARCA,154.00,efectivo,YAPE 104,
8861,30/08/2023,23/12/2023,14:05:51,009636MA40001,ANDALOZ,40,LUCMA NOBUK BAJO-TACO,80.00,CAJAMARCA,CARLITOS,CAJAMARCA,120.00,efectivo,,
9041,20/12/2023,24/12/2023,14:07:21,010012MA42001,I-FREE,42,NEGRO-ACERO PLOMO TODOTERRENO,98.00,CAJAMARCA,FRAN,CAJAMARCA,140.00,efectivo,,
9042,03/12/2023,24/12/2023,14:07:34,009924MA36001,KITSS,36,BOTIN-PERILLA PLOMO NEGRO,90.00,CAJAMARCA,FRAN,CAJAMARCA,120.00,efectivo,,
9171,23/12/2023,25/12/2023,14:09:10,010067MA40002,KALOIS,40,AZUL GRAVADO PASADOR,98.00,CAJAMARCA,KEVIN,CAJAMARCA,160.00,electronico,YAPE,
9043,23/12/2023,24/12/2023,14:09:31,010062MA41001,PUNTO,41,BLANCO ROJO-AZUL PLOMO,110.00,CAJAMARCA,CARLITOS,CAJAMARCA,150.00,efectivo,,
8570,03/12/2023,18/12/2023,14:10:07,009912MA40001,I-RUN,40,BOTIN BLANCO VERDE,108.00,CAJAMARCA,JACK,CAJAMARCA,150.00,efectivo,,
9045,21/08/2023,24/12/2023,14:10:50,009580MA37001,NAPOLES,37,NEGRO COSIDO MOCASIN,60.00,CAJAMARCA,FRAN,CAJAMARCA,110.00,efectivo,,
9046,05/12/2023,24/12/2023,14:11:19,009951MA19001,JIANLEXIONG,19,BLANCO VERDE GALLETA,65.00,CAJAMARCA,FRAN,CAJAMARCA,90.00,efectivo,CAMBIO,
8862,19/12/2023,23/12/2023,14:11:29,009997MA28001,KOREANA,28,NEGRO PLOMO PERILLA,75.00,CAJAMARCA,JACK,CAJAMARCA,110.00,efectivo,,
8605,30/08/2023,19/12/2023,14:12:13,009632MA39002,ANDALOZ,39,NEGRO LUSTRABLE BOTIN GRABADO,85.00,CAJAMARCA,KEVIN,CAJAMARCA,133.00,efectivo,,
8772,16/06/2023,22/12/2023,14:13:53,009217MA36001,NEW ATHLETIC,36,AZUL FUXIA TEJIDO,80.00,CAJAMARCA,KEVIN,CAJAMARCA,85.00,efectivo,,oferta
8863,31/08/2023,23/12/2023,14:14:46,009639MA42001,FEDERLAN,42,VICUÑA NOBUK BAJO,80.00,CAJAMARCA,FRAN,CAJAMARCA,125.00,efectivo,,
9047,23/12/2023,24/12/2023,14:15:08,010063MA37002,PUNTO,37,BLANCO NEGRO ROJO,110.00,CAJAMARCA,CARLITOS,CAJAMARCA,150.00,efectivo,,
9048,19/12/2023,24/12/2023,14:16:35,009987MA39001,ADVENZO,39,NIKE BLANCO BLANCO,77.00,CAJAMARCA,JACK,CAJAMARCA,150.00,efectivo,,
9049,23/12/2023,24/12/2023,14:19:00,010071MA39002,KALOIS,39,NEGRO LUSTRABLE PASADOR,98.00,CAJAMARCA,KEVIN,CAJAMARCA,160.00,efectivo,,
8864,21/12/2023,23/12/2023,14:20:00,010047MA40002,ATLETIX,40,NEGRO OLIVO YOMAX,90.00,CAJAMARCA,JACK,CAJAMARCA,145.00,efectivo,,
9050,05/12/2023,24/12/2023,14:20:34,009934MA42002,I-RUN,42,BLANCO NEGRO VALENCIAGA,107.00,CAJAMARCA,FRAN,CAJAMARCA,150.00,efectivo,,
8708,28/07/2023,21/12/2023,14:21:39,009517MA40001,CAT NACIONAL,40,NEGRO BLANCO MEDIO-BOTIN,110.00,CAJAMARCA,KEVIN,CAJAMARCA,165.00,electronico,YAPE,
9051,17/06/2023,24/12/2023,14:24:06,009247MA28001,DORAEMMON,28,BLANCO VERDE URBANA,72.00,CAJAMARCA,CARLITOS,CAJAMARCA,100.00,efectivo,,
9172,30/11/2023,25/12/2023,14:25:54,009882MA34001,KIDSSPORTS,34,BLANCO NEGRO CAPSULA,77.00,CAJAMARCA,KEVIN,CAJAMARCA,120.00,efectivo,,
8571,19/08/2023,18/12/2023,14:31:30,009575MA40004,SHIALEY,40,BLANCO BLANCO PUMA,70.00,CAJAMARCA,KEVIN,CAJAMARCA,130.00,efectivo,,
9052,07/12/2023,24/12/2023,14:33:02,009960MA41002,PUNTO,41,BLANCO ACERO URBANA-FIBRA,117.00,CAJAMARCA,PAMELA,CAJAMARCA,150.00,efectivo,,
9053,17/06/2023,24/12/2023,14:35:21,009229MA38001,UNDER MACK,38,BOTIN PUMA AZUL,96.00,CAJAMARCA,FRAN,CAJAMARCA,165.00,efectivo,,
8865,19/07/2022,23/12/2023,14:36:54,007643MA40004,KLOUIS,40,NEGRO TACO VESTIR,82.00,CAJAMARCA,KEVIN,CAJAMARCA,130.00,efectivo,,
9054,20/12/2023,24/12/2023,14:40:33,010018MA32001,IVANO,32,NEGRO BLANCO CLASICO,62.00,CAJAMARCA,CARLITOS,CAJAMARCA,113.00,efectivo,,
8606,01/12/2023,19/12/2023,14:42:23,009890MA27001,JIANLEXIONG,27,HUESO MARRON BLANCO,67.00,CAJAMARCA,JACK,CAJAMARCA,105.00,efectivo,,
9055,23/12/2023,24/12/2023,14:42:34,010059MA41002,PUNTO,41,BLANCO CELESTE NEGRO-URBANA,110.00,CAJAMARCA,PAMELA,CAJAMARCA,150.00,efectivo,,
8607,01/12/2023,19/12/2023,14:43:44,009890MA23001,JIANLEXIONG,23,HUESO MARRON BLANCO,67.00,CAJAMARCA,JACK,CAJAMARCA,105.00,efectivo,,
8608,19/12/2023,19/12/2023,14:47:26,009988MA35003,ADVENZO,35,NIKE BLANCO BLANCO,72.00,CAJAMARCA,PAMELA,CAJAMARCA,150.00,efectivo,,
8609,03/12/2023,19/12/2023,14:48:00,009918MA26001,I-RUN,26,AZUL BLANCO PETROLEO,72.00,CAJAMARCA,PAMELA,CAJAMARCA,110.00,electronico,YAPE,
9056,18/07/2023,24/12/2023,14:49:16,009407MA40001,VIERI,40,NEGRO ROJO ACRILICO-DEP,100.00,CAJAMARCA,CARLITOS,CAJAMARCA,130.00,efectivo,,
9058,20/12/2023,24/12/2023,14:51:00,010013MA40002,I-FREE,40,NEGRO PLOMO TODOTERRENO,98.00,CAJAMARCA,KEVIN,CAJAMARCA,144.00,efectivo,CAMBIO,
9059,09/09/2023,24/12/2023,14:52:45,009672MA40001,CAT NACIONAL,40,HABANO NOBUK BAJO,87.00,CAJAMARCA,FRAN,CAJAMARCA,158.00,efectivo,,
8709,05/12/2023,21/12/2023,14:53:30,009940MA37001,I-RUN,37,NEGRO BLANCO MALLA,100.00,CAJAMARCA,KEVIN,CAJAMARCA,145.00,efectivo,,
9060,31/05/2023,24/12/2023,14:53:47,009183MA40001,RAGGIO,40,PARACHUTE AMARILLO BOTIN,105.00,CAJAMARCA,KEVIN,CAJAMARCA,160.00,efectivo,,
8866,27/07/2023,23/12/2023,14:54:01,009484MA37003,I-RUN,37,BLANCO AZUL FIBRA-GOMA,102.00,CAJAMARCA,CARLITOS,CAJAMARCA,140.00,efectivo,,
8572,26/05/2023,18/12/2023,14:54:15,009150MA40001,RAGGIO,40,GIGER LIMON BOTIN,120.00,CAJAMARCA,JACK,CAJAMARCA,190.00,efectivo,,
8867,21/12/2023,23/12/2023,14:54:37,010045MA40002,ATLETIX,40,BEIG BLANCO URBANA,90.00,CAJAMARCA,PAMELA,CAJAMARCA,145.00,efectivo,,
9174,24/06/2023,25/12/2023,14:55:11,009265MA37002,IRUN,37,PLOMP BLANCO REFORZADO,98.00,CAJAMARCA,CARLITOS,CAJAMARCA,130.00,efectivo,CAMBIO,
9176,11/11/2022,25/12/2023,14:57:38,008215MA40002,WALON,40,NEGRO VERDE-JADE GOMA,78.00,CAJAMARCA,CARLITOS,CAJAMARCA,110.00,efectivo,CAMBIO,
8868,28/08/2023,23/12/2023,14:59:22,009584MA27001,JIMIPAND,27,BLANCO AZUL URBANA,70.00,CAJAMARCA,KEVIN,CAJAMARCA,100.00,electronico,YAPE,
8773,19/07/2023,22/12/2023,14:59:38,009427MA35003,IVANO,35,VERDE CUERO NUEVO,82.00,CAJAMARCA,PAMELA,CAJAMARCA,123.00,electronico,YAPE,
9061,28/08/2023,24/12/2023,14:59:38,009585MA26001,RASE DUCK,26,ROSADO BLANCO URBANA,75.00,CAJAMARCA,CARLITOS,CAJAMARCA,100.00,efectivo,,
9062,25/07/2023,24/12/2023,15:00:02,009451MA42001,DROMEDAR,42,NEGRO BLANCO GOMA,120.00,CAJAMARCA,PAMELA,CAJAMARCA,160.00,efectivo,,
8869,23/12/2023,23/12/2023,15:01:33,010054MA37002,PUNTO,37,NEGRO ROSADO VALENCIAGA,110.00,CAJAMARCA,FRAN,CAJAMARCA,150.00,efectivo,,
9063,25/10/2021,24/12/2023,15:02:02,006292MA27001,WE-AIR,27,ROSADA ARCOIRIS PEGA,60.00,CAJAMARCA,DIEGO,CAJAMARCA,80.00,efectivo,,
8870,18/10/2023,23/12/2023,15:08:45,009750MA23001,ABC GOOD,23,PLOMO VERDE-AGUA GOMA,72.00,CAJAMARCA,CARLITOS,CAJAMARCA,100.00,efectivo,,
9064,06/12/2019,24/12/2023,15:09:29,002499MA38001,RAGGIO,38,BOTIN OXIDO JORDAN,100.00,LORETO,KEVIN,CAJAMARCA,160.00,efectivo,,
9065,23/10/2021,24/12/2023,15:09:50,006247MA26002,KEMPO,26,BOTIN OLIVO NOBUK,42.00,CAJAMARCA,FRAN,CAJAMARCA,95.00,efectivo,,
8710,16/09/2022,21/12/2023,15:10:12,007954MA33001,BABODOG JHUNIOR,33,NEGRO ROJO GOMA,77.00,CAJAMARCA,CARLITOS,CAJAMARCA,123.00,efectivo,venta ayer,
8711,28/04/2023,21/12/2023,15:12:22,009051MA29001,KOREANO,29,BLANCO ROJO URBANO,60.00,CAJAMARCA,CARLITOS,CAJAMARCA,70.00,efectivo,OFERTA,OFERTA
8647,20/12/2023,20/12/2023,15:13:00,010012MA41001,I-FREE,41,NEGRO-ACERO PLOMO TODOTERRENO,98.00,CAJAMARCA,JACK,CAJAMARCA,148.00,efectivo,,
9066,21/06/2023,24/12/2023,15:14:29,009234MA38001,ANDALOZ,38,MARRON LUSTRABLE BOTIN,88.00,CAJAMARCA,CARLITOS,CAJAMARCA,130.00,efectivo,,
8872,17/12/2023,23/12/2023,15:18:55,009869MA39001,KALOIS,39,BOTIN HABANO LUZTRA-GOMA,89.00,CAJAMARCA,KEVIN,CAJAMARCA,168.00,efectivo,,
8873,24/11/2023,23/12/2023,15:19:47,009860MA41001,IVANO,41,NEGRO BLANCO NUEVO-PICADO,88.00,CAJAMARCA,KEVIN,CAJAMARCA,128.00,efectivo,CAMBIO,
9067,14/09/2023,24/12/2023,15:22:33,009680MA42001,TNNG,42,AZULMARINO URBANA CLASICO,70.00,CAJAMARCA,KEVIN,CAJAMARCA,65.00,efectivo,,oferta
8648,05/12/2023,20/12/2023,15:24:28,009936MA38001,I-RUN,38,NEGRO ROSADA MALLA,100.00,CAJAMARCA,CARLITOS,CAJAMARCA,140.00,efectivo,,
8610,01/12/2023,19/12/2023,15:27:51,009894MA35001,I-FREE,35,PLOMO PLOMO TODOTERRENO,87.00,CAJAMARCA,PAMELA,CAJAMARCA,125.00,efectivo,,
8611,06/05/2022,19/12/2023,15:29:40,007321MA37001,PUNTO,37,AZULMARINO FUXIA GOMA,107.00,CAJAMARCA,KEVIN,CAJAMARCA,115.00,efectivo,OFERTA,
9068,01/12/2023,24/12/2023,15:30:57,009907MA39001,NEW ATHLETIC,39,BOTIN NEGRO BLANCO-PLOM,121.00,CAJAMARCA,JACK,CAJAMARCA,160.00,efectivo,,
8774,07/12/2023,22/12/2023,15:31:01,009960MA40001,PUNTO,40,BLANCO ACERO URBANA-FIBRA,117.00,CAJAMARCA,JACK,CAJAMARCA,155.00,electronico,IZIPAY,
8612,06/05/2022,19/12/2023,15:31:12,007316MA29001,JHUSARI,29,VALERINA NEGRO CHAROL,27.00,CAJAMARCA,DIEGO,CAJAMARCA,60.00,electronico,YAPE,
9069,19/12/2023,24/12/2023,15:32:45,009989MA39002,ADVENZO,39,NIKE BLANCO NEGRO,76.00,CAJAMARCA,FRAN,CAJAMARCA,150.00,efectivo,,
8712,13/10/2023,21/12/2023,15:32:48,009725MA40001,NAPOLES,40,NEGRO PASADOR ANCHO-PU,82.00,CAJAMARCA,PAMELA,CAJAMARCA,130.00,efectivo,,
8775,08/07/2022,22/12/2023,15:32:50,007602MA32001,YOMAX,32,PLOMO NEGRO GOMA,85.00,CAJAMARCA,FRAN,CAJAMARCA,110.00,efectivo,OFERTA,
8650,09/12/2023,20/12/2023,15:35:03,009981MA38002,CONVERT,38,NEGRO NEGRO 126,90.00,CAJAMARCA,CARLITOS,CAJAMARCA,114.00,efectivo,CAMBIO,
8713,17/03/2023,21/12/2023,15:35:08,008895MA38001,WALON,38,BLANCO GOMA COCOS,81.00,CAJAMARCA,PAMELA,CAJAMARCA,120.00,efectivo,,
8776,09/08/2022,22/12/2023,15:35:17,007092MA26001,YOMAX,26,AZULMARINO PLOMO GOMA,77.00,CAJAMARCA,FRAN,CAJAMARCA,110.00,efectivo,,
8573,07/12/2023,18/12/2023,15:35:29,009965MA36002,PUNTO,36,BLANCO AZULMARINO PLOMO--FIBRA,117.00,CAJAMARCA,KEVIN,CAJAMARCA,148.00,efectivo,,
8874,09/12/2023,23/12/2023,15:37:14,009891MA25001,KITSS,25,ROSADO LILA GOMA,67.00,CAJAMARCA,FRAN,CAJAMARCA,100.00,efectivo,,
8875,05/12/2023,23/12/2023,15:37:38,009932MA37002,I-RUN,37,BLANCO ROSADA FIBRA,100.00,CAJAMARCA,CARLITOS,CAJAMARCA,155.00,electronico,IZIPAY,
8574,01/12/2023,18/12/2023,15:38:21,009910MA38001,ATLETIX,38,BEIG BLANCO URBANA,90.00,CAJAMARCA,CARLITOS,CAJAMARCA,140.00,efectivo,,
9070,17/06/2023,24/12/2023,15:40:28,009238MA23001,VADY KIDS,23,AZUL NEGRO VERDE,69.00,CAJAMARCA,CARLITOS,CAJAMARCA,100.00,efectivo,,
8614,07/12/2023,19/12/2023,15:41:59,009960MA39001,PUNTO,39,BLANCO ACERO URBANA-FIBRA,117.00,CAJAMARCA,CARLITOS,CAJAMARCA,150.00,efectivo,CAMBIO,
8575,09/12/2023,18/12/2023,15:46:14,009979MA37001,CONVERT,37,NEGRO NEGRO 126,90.00,CAJAMARCA,CARLITOS,CAJAMARCA,114.00,efectivo,,
8615,26/04/2023,19/12/2023,15:46:31,009037MA40001,PUNTO,40,BLANCO PLATA VALENCIAGA,108.00,CAJAMARCA,KEVIN,CAJAMARCA,140.00,efectivo,,
8715,07/12/2023,21/12/2023,15:46:54,009960MA41001,PUNTO,41,BLANCO ACERO URBANA-FIBRA,117.00,CAJAMARCA,CARLITOS,CAJAMARCA,150.00,efectivo,CAMBIO,
9071,05/12/2023,24/12/2023,15:50:02,009956MA29001,AIR RUNNING,29,BOTIN NEGRO ROJO,77.00,CAJAMARCA,CARLITOS,CAJAMARCA,105.00,efectivo,,
8876,07/12/2023,23/12/2023,15:51:35,009962MA41001,PUNTO,41,BLANCO PLOMO URBANA-FIBRA,117.00,CAJAMARCA,CARLITOS,CAJAMARCA,150.00,efectivo,,
9072,26/12/2021,24/12/2023,15:51:54,006754MA38001,CAMILUH,38,HABANO-VER NOBUK PASADOR,83.00,CAJAMARCA,PAMELA,CAJAMARCA,130.00,efectivo,,
9073,18/10/2023,24/12/2023,15:54:09,009750MA24002,ABC GOOD,24,PLOMO VERDE-AGUA GOMA,72.00,CAJAMARCA,FRAN,CAJAMARCA,103.00,efectivo,,
8877,08/07/2022,23/12/2023,15:54:51,007586MA40002,I-RUN,40,AZUL ROJO AMARILLO,90.00,CAJAMARCA,JACK,CAJAMARCA,135.00,efectivo,,
8651,20/12/2023,20/12/2023,15:55:53,010022MA27001,CHINITA,27,ROSADO UVA CELESTE,67.00,CAJAMARCA,KEVIN,CAJAMARCA,110.00,efectivo,,
9178,21/12/2023,25/12/2023,15:56:46,010029MA26001,DROMEDAR,26,BOTIN NEGRO BLANCO,82.00,CAJAMARCA,PAMELA,CAJAMARCA,130.00,efectivo,CAMBIO,
9074,19/10/2023,24/12/2023,15:56:49,009778MA37001,I-RUN,37,NEGRO ROSADA VALENCIAGA-MALLA,102.00,CAJAMARCA,JACK,CAJAMARCA,150.00,efectivo,,
9075,13/03/2021,24/12/2023,15:57:02,005241MA36001,TNNG,36,BLANCO URBANA CUERO,80.00,CAJAMARCA,JACK,CAJAMARCA,100.00,efectivo,,
9076,30/12/2022,24/12/2023,15:57:35,008649MA40001,CLIFOR,40,NEGRO MOCASIN VESTIR,92.00,CAJAMARCA,JACK,CAJAMARCA,130.00,efectivo,,
8716,03/12/2023,21/12/2023,15:57:58,009919MA36002,I-RUN,36,NEGRO ROSADA FIBRA,102.00,CAJAMARCA,JACK,CAJAMARCA,150.00,efectivo,,
9077,29/08/2023,24/12/2023,15:58:58,009595MA35001,TWHQTKITDS,35,ROSADO LILA PERILLA,77.00,CAJAMARCA,CARLITOS,CAJAMARCA,120.00,efectivo,,
8878,05/12/2023,23/12/2023,16:00:02,009944MA40001,KOREANA,40,BLANCO CREMA URBANA,102.00,CAJAMARCA,KEVIN,CAJAMARCA,140.00,efectivo,,
8616,25/07/2023,19/12/2023,16:01:34,009447MA41001,DROMEDAR,41,NEGRO PLANTA BAJO,120.00,CAJAMARCA,JACK,CAJAMARCA,160.00,electronico,IZIPAY,
9078,30/09/2022,24/12/2023,16:05:23,008029MA37001,KOREANA,37,BOTIN BLANCO CELESTE-ROSADO,80.00,CAJAMARCA,CARLITOS,CAJAMARCA,100.00,efectivo,,
8717,18/07/2020,21/12/2023,16:05:45,004118MA38001,RAGGIO,38,OXIDO ZT-2 PREMIUM,110.00,CAJAMARCA,KEVIN,CAJAMARCA,188.00,efectivo,,
8718,11/05/2019,21/12/2023,16:06:04,000533-RAG38CAJ02,RAGGIO,38,DUNKAN OXIDO,98.00,CAJAMARCA,KEVIN,CAJAMARCA,160.00,efectivo,,
8652,06/06/2022,20/12/2023,16:07:47,007492MA31001,KEMPO,31,BOTIN CAT NOBUK,50.00,CAJAMARCA,JACK,CAJAMARCA,90.00,efectivo,,
8777,20/12/2023,22/12/2023,16:09:08,010022MA25001,CHINITA,25,ROSADO UVA CELESTE,67.00,CAJAMARCA,KEVIN,CAJAMARCA,108.00,efectivo,,
8778,03/12/2023,22/12/2023,16:09:31,009926MA28002,AIR RUNNING,28,BOTIN NEGRO VERDE-BEIS,72.00,CAJAMARCA,KEVIN,CAJAMARCA,110.00,efectivo,,
8879,23/12/2023,23/12/2023,16:11:22,010063MA38001,PUNTO,38,BLANCO NEGRO ROJO,110.00,CAJAMARCA,JACK,CAJAMARCA,153.00,efectivo,,
8880,09/01/2020,23/12/2023,16:12:13,003498MA41003,KALOIS,41,ESPOR VESTIR NOBUK,75.00,LORETO,KEVIN,CAJAMARCA,130.00,efectivo,,
8719,06/12/2022,21/12/2023,16:12:39,008363MA27001,ATLETIX,27,ROSADA LILA MALLA,81.00,CAJAMARCA,PAMELA,CAJAMARCA,115.00,efectivo,,
8881,01/12/2023,23/12/2023,16:13:57,009895MA33001,I-FREE,33,NEGRO NEGRO TODOTERRENO,87.00,CAJAMARCA,FRAN,CAJAMARCA,130.00,efectivo,,
8720,03/12/2023,21/12/2023,16:14:01,009923MA35002,I-RUN,35,BLANCO ROSADO MALLA,98.00,CAJAMARCA,JACK,CAJAMARCA,150.00,efectivo,,
8882,20/12/2023,23/12/2023,16:14:24,010029MA29001,DROMEDAR,29,BOTIN NEGRO BLANCO,82.00,CAJAMARCA,CARLITOS,CAJAMARCA,115.00,efectivo,,
8883,24/06/2023,23/12/2023,16:14:47,009299MA37001,NEW ATHLETIC,37,BLANCO NARANJA GOMA,118.00,CAJAMARCA,CARLITOS,CAJAMARCA,153.00,efectivo,,
9079,16/03/2023,24/12/2023,16:16:34,008886MA40001,ATLETIX,40,PLOMO AZULMARINO YOMAX,102.00,CAJAMARCA,FRAN,CAJAMARCA,145.00,efectivo,,
9080,01/12/2023,24/12/2023,16:17:41,009904MA39001,NEW ATHLETIC,39,BOTIN NEGRO BLANCO,120.00,CAJAMARCA,KEVIN,CAJAMARCA,160.00,efectivo,,
9081,19/12/2023,24/12/2023,16:18:26,009985MA37001,ADVENZO,37,BLANCO UVA ACERO,75.00,CAJAMARCA,KEVIN,CAJAMARCA,145.00,efectivo,,
8779,25/02/2022,22/12/2023,16:19:36,006978MA41001,NEW ATHLETIC,41,AZULMARINO AZUL TEJIDO,117.00,CAJAMARCA,CARLITOS,CAJAMARCA,150.00,efectivo,,
9082,28/03/2023,24/12/2023,16:19:51,008931MA40001,PUNTO,40,BLANCO ACERO URBANO,105.00,CAJAMARCA,CARLITOS,CAJAMARCA,135.00,efectivo,,
8653,01/12/2023,20/12/2023,16:20:10,009886MA34001,KDM,34,LILA CELESTE BLANCO-PERIA,77.00,CAJAMARCA,CARLITOS,CAJAMARCA,120.00,efectivo,,
8780,29/08/2023,22/12/2023,16:20:13,009604MA36002,NEW ATHLETIC,36,PLOMOROSADA ACERO MALLA,115.00,CAJAMARCA,CARLITOS,CAJAMARCA,153.00,efectivo,,
8654,07/12/2023,20/12/2023,16:22:07,009968MA38001,PUNTO,38,NEGRO BLANCO URBANA,117.00,CAJAMARCA,CARLITOS,CAJAMARCA,150.00,efectivo,,
8576,01/09/2020,18/12/2023,16:23:09,004183MA37001,PUNTO,37,NEGRO TORTUGA TEJIDO,70.00,CAJAMARCA,JACK,CAJAMARCA,120.00,efectivo,OFERTA,
9083,20/10/2023,24/12/2023,16:23:55,009781MA35001,NEW ATHLETIC,35,NEGRO DORADA DEPORTIVO,101.00,CAJAMARCA,KEVIN,CAJAMARCA,133.00,efectivo,,
9085,20/12/2023,24/12/2023,16:25:16,010029MA27001,DROMEDAR,27,BOTIN NEGRO BLANCO,82.00,CAJAMARCA,CARLITOS,CAJAMARCA,115.00,efectivo,CAMBIO,
8884,01/12/2023,23/12/2023,16:26:13,009892MA25001,KITSS,25,PLOMO PLOMO GOMA,67.00,CAJAMARCA,KEVIN,CAJAMARCA,100.00,efectivo,,
8885,01/12/2023,23/12/2023,16:26:26,009891MA23001,KITSS,23,ROSADO LILA GOMA,67.00,CAJAMARCA,KEVIN,CAJAMARCA,100.00,efectivo,,
9086,19/12/2023,24/12/2023,16:26:33,010001MA29001,KOREANA,29,BLANCO ROSADA URBANA,74.00,CAJAMARCA,CARLITOS,CAJAMARCA,100.00,efectivo,,
9087,01/12/2023,24/12/2023,16:27:07,009898MA34001,DROMEDAR,34,BOTIN NEGRO ROJO,90.00,CAJAMARCA,JACK,CAJAMARCA,130.00,efectivo,,
8781,20/08/2022,22/12/2023,16:28:59,007842MA41001,NEW ATHLETIC,41,NEGRO BLANCO GOMA,113.00,CAJAMARCA,CARLITOS,CAJAMARCA,140.00,efectivo,,
8721,15/08/2023,21/12/2023,16:29:13,009453MA36001,DROMEDAR,36,NEGRO NEGRO GOMA,92.00,CAJAMARCA,CARLITOS,CAJAMARCA,130.00,efectivo,,
8782,25/08/2019,22/12/2023,16:29:24,001699MA4301,NEW ATHLETIC,43,AZUL-R GOMA,100.00,CAJAMARCA,CARLITOS,CAJAMARCA,140.00,efectivo,OFERTA,
9088,30/09/2022,24/12/2023,16:31:34,008028MA36002,KOREANA,36,BOTIN BLANCO VERDE,80.00,CAJAMARCA,FRAN,CAJAMARCA,100.00,electronico,YAPE,
8783,03/12/2023,22/12/2023,16:31:50,009919MA37001,I-RUN,37,NEGRO ROSADA FIBRA,102.00,CAJAMARCA,JACK,CAJAMARCA,150.00,efectivo,,
8784,10/05/2023,22/12/2023,16:32:03,009102MA36004,KAIDA,36,BOTIN AZULMARINO ROSADA,102.00,CAJAMARCA,JACK,CAJAMARCA,150.00,efectivo,,
8617,28/07/2023,19/12/2023,16:33:44,009514MA30002,VIERI,30,NEGRO ROJO DEPORTIVO,79.00,CAJAMARCA,KEVIN,CAJAMARCA,115.00,efectivo,,
8785,23/07/2022,22/12/2023,16:33:46,007696MA37001,KOREANA JNJ,37,BLANCO ROSADA-JADE PLATAFORMA,76.00,CAJAMARCA,JACK,CAJAMARCA,100.00,electronico,oferta-IZIPAY,
8786,23/12/2021,22/12/2023,16:34:10,006706MA37002,PUNTO,37,LILA ROSADA TACON,102.00,CAJAMARCA,JACK,CAJAMARCA,100.00,electronico,oferta-IZIPAY,
9089,14/02/2023,24/12/2023,16:35:55,008798MA39001,NEW ATHLETIC,39,NEGRO AZUL YOMAX,115.00,CAJAMARCA,CARLITOS,CAJAMARCA,150.00,efectivo,,
8886,01/12/2023,23/12/2023,16:36:31,009908MA43001,ATLETIX,43,NEGRO BLANCO URBANO,90.00,CAJAMARCA,CARLITOS,CAJAMARCA,140.00,efectivo,,
9090,01/12/2023,24/12/2023,16:36:33,009886MA31001,KDM,31,LILA CELESTE BLANCO-PERIA,77.00,CAJAMARCA,KEVIN,CAJAMARCA,120.00,efectivo,,
8887,01/12/2023,23/12/2023,16:38:06,009908MA42001,ATLETIX,42,NEGRO BLANCO URBANO,90.00,CAJAMARCA,CARLITOS,CAJAMARCA,137.00,efectivo,,
8722,19/07/2023,21/12/2023,16:38:26,009426MA40003,IVANO,40,BLANCO CUERO CLASICO,87.00,CAJAMARCA,KEVIN,CAJAMARCA,120.00,efectivo,,
9091,05/12/2023,24/12/2023,16:38:35,009944MA41001,KOREANA,41,BLANCO CREMA URBANA,102.00,CAJAMARCA,PAMELA,CAJAMARCA,160.00,efectivo,,
9092,01/12/2023,24/12/2023,16:38:48,009907MA40001,NEW ATHLETIC,40,BOTIN NEGRO BLANCO-PLOM,121.00,CAJAMARCA,PAMELA,CAJAMARCA,140.00,efectivo,,
8577,13/04/2023,18/12/2023,16:40:15,009006MA36001,IVANO,36,BLANCO BLANCO NIKE,92.00,CAJAMARCA,KEVIN,CAJAMARCA,140.00,efectivo,,
8618,09/12/2023,19/12/2023,16:40:36,009976MA42001,VIERI,42,NEGRO ROJO DEPORTIVO,100.00,CAJAMARCA,JACK,CAJAMARCA,130.00,efectivo,,
8619,11/11/2023,19/12/2023,16:40:56,009851MA43001,NEW ATHLETIC,43,NEGRO PLOMO TO-TERRENO,112.00,CAJAMARCA,JACK,CAJAMARCA,155.00,efectivo,,
9093,23/12/2023,24/12/2023,16:42:19,010055MA35001,PUNTO,35,NEGRO LILA UVA-VALENCIAGA,110.00,CAJAMARCA,FRAN,CAJAMARCA,135.00,electronico,YAPE,
8620,26/11/2023,19/12/2023,16:43:09,009875MA38001,IVANO,38,BLANCO BLANCO NUEVO-HUECO,88.00,CAJAMARCA,KEVIN,CAJAMARCA,125.00,efectivo,,
8655,19/12/2023,20/12/2023,16:44:11,009996MA36002,JUTU,36,NEGRO BLANCO CAPSULA-ESCONDIDO,107.00,CAJAMARCA,KEVIN,CAJAMARCA,140.00,efectivo,,
8787,26/04/2023,22/12/2023,16:44:17,009036MA41001,PUNTO,41,BLANCO PLATA VALENCIAGA,108.00,CAJAMARCA,KEVIN,CAJAMARCA,143.00,efectivo,,
9094,01/12/2023,24/12/2023,16:45:10,009898MA35001,DROMEDAR,35,BOTIN NEGRO ROJO,90.00,CAJAMARCA,CARLITOS,CAJAMARCA,130.00,efectivo,,
8656,12/12/2023,20/12/2023,16:45:27,009368MA37001,NEW ATHLETIC,37,CHIMPUN TOBILLERA NEGRO.BLA,115.00,CAJAMARCA,PAMELA,CAJAMARCA,148.00,efectivo,,
9179,21/10/2022,25/12/2023,16:45:32,008094MA37001,KOREANA,37,BLANCO CELESTE GAMUZA,77.00,CAJAMARCA,PAMELA,CAJAMARCA,120.00,efectivo,,
8788,03/10/2023,22/12/2023,16:45:48,009701MA42001,KALOUIS,42,BOTIN-NOBUK CAMEL-GRAVADO GOMA,97.00,CAJAMARCA,FRAN,CAJAMARCA,170.00,electronico,YAPE,
8723,09/12/2023,21/12/2023,16:46:33,009978MA38001,VIERI,38,ACERO VERDE DEPORTIVO,100.00,CAJAMARCA,KEVIN,CAJAMARCA,130.00,efectivo,,
8657,20/12/2023,20/12/2023,16:46:39,010014MA31001,IVANO,31,BOTIN NEGRO NEGRO,77.00,CAJAMARCA,PAMELA,CAJAMARCA,115.00,efectivo,,
8658,25/11/2023,20/12/2023,16:47:37,009871MA37001,IVANO,37,NEGRO BLANCO CLASICO,77.00,CAJAMARCA,PAMELA,CAJAMARCA,118.00,efectivo,,
9095,16/07/2023,24/12/2023,16:48:09,009390MA36003,I-RUN,36,NEGRO BLANCO TEJIDO,87.00,CAJAMARCA,CARLITOS,CAJAMARCA,130.00,efectivo,,
9096,19/12/2023,24/12/2023,16:49:00,010008MA36002,I-FREE,36,ROSADA UVA TODOTERRENO,97.00,CAJAMARCA,JACK,CAJAMARCA,145.00,electronico,YAPE,
9097,27/04/2022,24/12/2023,16:49:28,007270MA29001,DOBOYG,29,ROSADO VERDE-JADE GOMA,67.00,CAJAMARCA,JACK,CAJAMARCA,100.00,electronico,YAPE,
8659,20/12/2023,20/12/2023,16:50:27,010017MA27001,IVANO,27,VERDE BLANCO CLASICO,62.00,CAJAMARCA,CARLITOS,CAJAMARCA,113.00,efectivo,,
8660,20/12/2023,20/12/2023,16:50:54,010016MA27001,IVANO,27,AZUL BLANCO NUEVO,67.00,CAJAMARCA,CARLITOS,CAJAMARCA,113.00,efectivo,,
8578,29/12/2022,18/12/2023,16:51:05,008629MA41002,PUNTO,41,NEGRO BLANCO-ROJO VALENCIAGA,107.00,CAJAMARCA,JACK,CAJAMARCA,125.00,electronico,yape -OFERTA,
8888,07/12/2023,23/12/2023,16:51:30,009960MA38001,PUNTO,38,BLANCO ACERO URBANA-FIBRA,117.00,CAJAMARCA,PAMELA,CAJAMARCA,153.00,efectivo,,
8621,22/12/2022,19/12/2023,16:51:39,008562MA35001,OP,35,ROSADO ROSADO GOMA,107.00,CAJAMARCA,PAMELA,CAJAMARCA,89.00,efectivo,,
9098,05/12/2023,24/12/2023,16:52:18,009938MA36002,I-RUN,36,BLANCO NEGRO FIBRA,105.00,CAJAMARCA,FRAN,CAJAMARCA,150.00,efectivo,,
9099,05/12/2023,24/12/2023,16:52:31,009938MA37001,I-RUN,37,BLANCO NEGRO FIBRA,105.00,CAJAMARCA,FRAN,CAJAMARCA,150.00,efectivo,,
9100,01/12/2023,24/12/2023,16:52:55,009910MA37002,ATLETIX,37,BEIG BLANCO URBANA,90.00,CAJAMARCA,CARLITOS,CAJAMARCA,140.00,efectivo,,
8724,24/11/2023,21/12/2023,16:53:04,009863MA39001,IVANO,39,NEGRO NEGRO CLASICO,83.00,CAJAMARCA,PAMELA,CAJAMARCA,120.00,efectivo,,
9101,10/12/2021,24/12/2023,16:54:57,006489MA40001,DROMEDAR,40,AZULMARINO BLANCO GOMA,82.00,CAJAMARCA,CARLITOS,CAJAMARCA,108.00,electronico,yape,
9102,21/10/2022,24/12/2023,16:55:35,008085MA38001,WALON,38,AZULMARINO VERDE CUERO,78.00,CAJAMARCA,CARLITOS,CAJAMARCA,120.00,efectivo,,
8889,23/12/2023,23/12/2023,16:57:48,010057MA31001,PUNTO,31,NEGRO ROSADO UVA-VALENCIAGA,90.00,CAJAMARCA,PAMELA,CAJAMARCA,130.00,efectivo,,
9103,11/11/2022,24/12/2023,16:58:00,008210MA39003,WALON,39,NEGRO PLOMO GOMA,78.00,CAJAMARCA,CARLITOS,CAJAMARCA,110.00,efectivo,,
8661,14/02/2023,20/12/2023,16:58:08,008798MA40002,NEW ATHLETIC,40,NEGRO AZUL YOMAX,115.00,CAJAMARCA,JACK,CAJAMARCA,154.00,efectivo,,
9104,11/11/2022,24/12/2023,16:58:11,008215MA39004,WALON,39,NEGRO VERDE-JADE GOMA,78.00,CAJAMARCA,CARLITOS,CAJAMARCA,110.00,efectivo,,
8789,08/07/2022,22/12/2023,16:58:47,007591MA36001,DEREON,36,NEGRO NEGRO REBOK,120.00,CAJAMARCA,KEVIN,CAJAMARCA,120.00,electronico,YAPE,
8662,30/08/2023,20/12/2023,16:59:07,009633MA40002,ANDALOZ,40,NEGRO NOBUK BOTIN-ROJO,85.00,CAJAMARCA,JACK,CAJAMARCA,135.00,efectivo,,
8890,07/12/2023,23/12/2023,16:59:21,009962MA41002,PUNTO,41,BLANCO PLOMO URBANA-FIBRA,117.00,CAJAMARCA,CARLITOS,CAJAMARCA,150.00,efectivo,,
8790,24/11/2019,22/12/2023,17:04:19,002141MA36001,NEW ATHLETIC,36,TEJIDO PLOMO OSCURO,98.00,CAJAMARCA,FRAN,CAJAMARCA,100.00,efectivo,OFERTA,
8791,21/12/2021,22/12/2023,17:04:37,006649MA40003,KALOIS,40,MOCASIN MARRON GRASSO,82.00,CAJAMARCA,FRAN,CAJAMARCA,145.00,efectivo,,
8891,23/12/2023,23/12/2023,17:10:30,010058MA38001,PUNTO,38,HUESO PLOMO VERDE,110.00,CAJAMARCA,FRAN,CAJAMARCA,145.00,efectivo,YAPE 45,
8892,27/04/2022,23/12/2023,17:10:53,007242MA37001,CAMILUH,37,MARRON LUSTRABLE PASADOR,84.00,CAJAMARCA,PAMELA,CAJAMARCA,130.00,efectivo,,
9105,09/09/2023,24/12/2023,17:11:12,009666MA36003,VIERI,36,BLANCO DORADO DEPORTIVO,92.00,CAJAMARCA,KEVIN,CAJAMARCA,120.00,efectivo,,
8893,11/11/2023,23/12/2023,17:11:48,009853MA38001,NEW ATHLETIC,38,NEGRO PLOMO TO-TERRENO,111.00,CAJAMARCA,KEVIN,CAJAMARCA,154.00,efectivo,,
8792,24/10/2023,22/12/2023,17:16:18,006712MA41001,NEW ATHLETIC,41,PLOMO BLANCO TEJIDO,111.00,CAJAMARCA,JACK,CAJAMARCA,140.00,electronico,YAPE-oferta,
8622,24/06/2021,19/12/2023,17:18:12,005696MA42001,KALOIS,42,BOTIN NEGRO LUSTRABLE,82.00,CAJAMARCA,KEVIN,CAJAMARCA,170.00,efectivo,,
8579,04/10/2019,18/12/2023,17:18:14,001841MA36001,NEW-SKATE,36,NEGRO-PLOMO,50.00,CAJAMARCA,JACK,CAJAMARCA,80.00,efectivo,OFERTA,
8793,18/12/2023,22/12/2023,17:18:24,009066MA38001,UNTRALON,38,PLOMO NARANJA DEPORTIVVO,107.00,CAJAMARCA,CARLITOS,CAJAMARCA,140.00,efectivo,OFERTA,
8580,27/06/2022,18/12/2023,17:18:46,007226MA36001,I-RUN,36,PLOMO LIMON GOMA,72.00,CAJAMARCA,JACK,CAJAMARCA,100.00,efectivo,OFERTA,
9106,02/08/2019,24/12/2023,17:20:23,001218MA3809,NEW ATHLETIC,38,COLORES MUESTRA,95.00,CAJAMARCA,DIEGO,CAJAMARCA,80.00,efectivo,,muestra
9107,19/12/2023,24/12/2023,17:21:19,009996MA37001,JUTU,37,NEGRO BLANCO CAPSULA-ESCONDIDO,107.00,CAJAMARCA,PAMELA,CAJAMARCA,145.00,electronico,IZIPAY,
9108,28/08/2023,24/12/2023,17:21:36,009587MA31002,GDUCK COOL,31,CELESTE LILA BLANCO,77.00,CAJAMARCA,PAMELA,CAJAMARCA,115.00,electronico,IZIPAY,
8581,11/12/2020,18/12/2023,17:22:32,004654MA20002,ANAHI,20,NEGRO CHAROL CORREA,25.00,CAJAMARCA,CARLITOS,CAJAMARCA,50.00,efectivo,,
8794,30/08/2023,22/12/2023,17:22:37,009627MA39001,ANDALOZ,39,NEGRO NOBUK BOTIN-TACO,85.00,CAJAMARCA,FRAN,CAJAMARCA,130.00,efectivo,,
8725,12/04/2023,21/12/2023,17:23:39,008200MA40001,KLOUIS,40,BOTIN AZUL GRABADO,102.00,CAJAMARCA,CARLITOS,CAJAMARCA,168.00,electronico,IZIPAY,
9109,16/12/2023,24/12/2023,17:24:03,009858MA40002,KALOIS,40,BOTIN RUSTICO MARRON-GOMA,98.00,CAJAMARCA,PAMELA,CAJAMARCA,165.00,efectivo,,
9110,01/12/2023,24/12/2023,17:24:24,009897MA36001,DROMEDAR,36,BOTIN BLANCO ROJO,90.00,CAJAMARCA,KEVIN,CAJAMARCA,130.00,efectivo,,
9111,01/12/2023,24/12/2023,17:24:34,009896MA34001,DROMEDAR,34,BOTIN NEGRO ROJO,90.00,CAJAMARCA,KEVIN,CAJAMARCA,130.00,efectivo,,
8894,14/05/2021,23/12/2023,17:24:45,005538MA36002,IRUN,36,PLATA BLANCO CAPSULA,98.00,CAJAMARCA,CARLITOS,CAJAMARCA,80.00,efectivo,,
8895,20/12/2023,23/12/2023,17:25:39,010022MA23001,CHINITA,23,ROSADO UVA CELESTE,67.00,CAJAMARCA,PAMELA,CAJAMARCA,100.00,efectivo,,
8896,10/12/2021,23/12/2023,17:26:35,006493MA36002,DROMEDAR,36,ACERO VERDE GOMA,82.00,CAJAMARCA,CARLITOS,CAJAMARCA,120.00,efectivo,,
8897,23/06/2023,23/12/2023,17:26:49,009259MA37001,FASHION,37,VEIS PLOMO BOTIN,77.00,CAJAMARCA,FRAN,CAJAMARCA,130.00,efectivo,,
8726,23/04/2022,21/12/2023,17:30:14,007194MA40001,RAGGIO PREMIUM,40,BOTIN DUNKAN RATA,118.00,CAJAMARCA,CARLITOS,CAJAMARCA,195.00,electronico,IZIPAY,
8898,28/07/2023,23/12/2023,17:31:51,009526MA40001,CAT NACIONAL,40,VERDE NEGRO MEDIO-BOTIN,115.00,CAJAMARCA,JACK,CAJAMARCA,178.00,electronico,IZIPAY,
8663,08/05/2021,20/12/2023,17:32:24,005524MA27001,BY-PIERRE,27,BOTIN COFFI CIERRE,47.00,CAJAMARCA,JACK,CAJAMARCA,90.00,efectivo,,
8664,08/09/2023,20/12/2023,17:33:35,009662MA33001,VIERI,33,AZUL TURQUESA DEPORTIVO,92.00,CAJAMARCA,CARLITOS,CAJAMARCA,120.00,efectivo,,
8665,06/11/2020,20/12/2023,17:40:34,004493MA38001,YOU,38,NEGRO BLANCO,82.00,CAJAMARCA,CARLITOS,CAJAMARCA,110.00,efectivo,OFERTA,
9112,25/11/2023,24/12/2023,17:41:46,009873MA35001,IVANO,35,NEGRO BLANCO NIKE,92.00,CAJAMARCA,JACK,CAJAMARCA,138.00,efectivo,,
8727,25/11/2023,21/12/2023,17:42:10,009870MA38001,IVANO,38,BLANCO BLANCO CLASICO,77.00,CAJAMARCA,KEVIN,CAJAMARCA,120.00,electronico,YAPE,
8899,23/12/2023,23/12/2023,17:42:17,010059MA42001,PUNTO,42,BLANCO CELESTE NEGRO-URBANA,110.00,CAJAMARCA,CARLITOS,CAJAMARCA,150.00,efectivo,,
8900,03/12/2023,23/12/2023,17:42:55,009913MA39001,I-RUN,39,BOTIN BLANCO AZUL,108.00,CAJAMARCA,CARLITOS,CAJAMARCA,150.00,efectivo,,
9113,28/10/2023,24/12/2023,17:42:58,009817MA34001,CONVERT,34,NEGRO NEGRO CUERO,87.00,CAJAMARCA,CARLITOS,CAJAMARCA,110.00,efectivo,,
8901,27/07/2023,23/12/2023,17:44:33,008505MA39002,UNDER MACK,39,OLIVO MALLA HITEC,96.00,CAJAMARCA,PAMELA,CAJAMARCA,158.00,efectivo,,
8728,07/12/2023,21/12/2023,17:46:25,009961MA40002,PUNTO,40,BLANCO NEGRO URBANA-FIBRA,117.00,CAJAMARCA,PAMELA,CAJAMARCA,150.00,efectivo,,
8666,03/12/2023,20/12/2023,17:46:41,009919MA37002,I-RUN,37,NEGRO ROSADA FIBRA,102.00,CAJAMARCA,PAMELA,CAJAMARCA,150.00,efectivo,,
8667,20/10/2023,20/12/2023,17:47:01,009783MA40001,DICI,40,NEGRO BLANCO GRAVADO,60.00,CAJAMARCA,CARLITOS,CAJAMARCA,120.00,efectivo,,
8668,01/12/2023,20/12/2023,17:47:36,009903MA37002,PUNTO,37,BLANCO LILA UVA,107.00,CAJAMARCA,PAMELA,CAJAMARCA,145.00,efectivo,,
9114,18/10/2023,24/12/2023,17:48:02,009733MA40001,I-RUN,40,PLOMO NARANJA GOMA,87.00,CAJAMARCA,DIEGO,CAJAMARCA,135.00,efectivo,,
8669,07/12/2023,20/12/2023,17:48:55,009968MA37001,PUNTO,37,NEGRO BLANCO URBANA,117.00,CAJAMARCA,PAMELA,CAJAMARCA,140.00,efectivo,,
8902,01/12/2023,23/12/2023,17:51:00,009894MA34001,I-FREE,34,PLOMO PLOMO TODOTERRENO,87.00,CAJAMARCA,FRAN,CAJAMARCA,135.00,efectivo,,
8903,03/12/2023,23/12/2023,17:52:52,009924MA32001,KITSS,32,BOTIN-PERILLA PLOMO NEGRO,90.00,CAJAMARCA,CARLITOS,CAJAMARCA,120.00,efectivo,,
8670,06/10/2023,20/12/2023,17:53:05,009707MA41001,PUNTO,41,BLANCO-PLOMO NARANJA VALENCIAGA,110.00,CAJAMARCA,KEVIN,CAJAMARCA,148.00,electronico,IZIPAY,
8795,03/12/2023,22/12/2023,17:53:50,009912MA40002,I-RUN,40,BOTIN BLANCO VERDE,108.00,CAJAMARCA,JACK,CAJAMARCA,153.00,efectivo,,
8671,20/12/2023,20/12/2023,17:54:00,010023MA26001,YOMAX,26,AZULMARINO PLOMO MALLA,75.00,CAJAMARCA,DIEGO,CAJAMARCA,105.00,efectivo,,
9115,19/12/2023,24/12/2023,17:54:30,009987MA41001,ADVENZO,41,NIKE BLANCO BLANCO,77.00,CAJAMARCA,JACK,CAJAMARCA,150.00,efectivo,,
9116,21/12/2023,24/12/2023,17:54:48,010045MA41002,ATLETIX,41,BEIG BLANCO URBANA,90.00,CAJAMARCA,JACK,CAJAMARCA,145.00,efectivo,,
9117,01/12/2023,24/12/2023,17:55:54,009907MA40002,NEW ATHLETIC,40,BOTIN NEGRO BLANCO-PLOM,121.00,CAJAMARCA,KEVIN,CAJAMARCA,160.00,efectivo,,
8796,07/12/2023,22/12/2023,17:56:20,009961MA43001,PUNTO,43,BLANCO NEGRO URBANA-FIBRA,117.00,CAJAMARCA,KEVIN,CAJAMARCA,150.00,electronico,YAPE,
9118,20/12/2023,24/12/2023,17:56:40,010034MA41001,DROMEDAR,41,BOTIN NEGRO-ROJO VERDE,117.00,CAJAMARCA,MARCOS,CAJAMARCA,159.00,efectivo,,
8797,20/12/2023,22/12/2023,17:57:34,010033MA40002,DROMEDAR,40,BOTIN BLANCO ROJO-CAPSULA,117.00,CAJAMARCA,JACK,CAJAMARCA,165.00,efectivo,,
8904,23/12/2023,23/12/2023,17:57:59,010057MA34001,PUNTO,34,NEGRO ROSADO UVA-VALENCIAGA,90.00,CAJAMARCA,CARLITOS,CAJAMARCA,130.00,efectivo,,
8905,02/11/2021,23/12/2023,17:58:43,006387MA40003,CONVERT,40,NEGRO NEGRO 1077,76.00,CAJAMARCA,KEVIN,CAJAMARCA,125.00,efectivo,,
8906,01/12/2023,23/12/2023,17:59:42,009906MA39001,NEW ATHLETIC,39,BOTIN BLANCO ROJO-NEGRO,120.00,CAJAMARCA,KEVIN,CAJAMARCA,160.00,electronico,YAPE,
8672,20/10/2023,20/12/2023,18:00:11,009780MA34002,NEW ATHLETIC,34,NEGRO CELESTE DEPORTIVO,101.00,CAJAMARCA,JACK,CAJAMARCA,130.00,efectivo,,
8907,30/11/2023,23/12/2023,18:00:11,009883MA35001,KIDSSPORTS,35,BLANCO NEGRO CAPSULA,77.00,CAJAMARCA,FRAN,CAJAMARCA,118.00,efectivo,,
9180,21/12/2023,25/12/2023,18:01:03,010047MA40001,ATLETIX,40,NEGRO OLIVO YOMAX,90.00,CAJAMARCA,KEVIN,CAJAMARCA,140.00,efectivo,,
9181,19/07/2023,25/12/2023,18:01:30,009426MA40002,IVANO,40,BLANCO CUERO CLASICO,87.00,CAJAMARCA,KEVIN,CAJAMARCA,130.00,efectivo,YAPE70,
8798,10/02/2023,22/12/2023,18:03:27,008726MA35001,I-RUN,35,AZULMARINO LIMON CAPSULA,97.00,CAJAMARCA,FRAN,CAJAMARCA,130.00,efectivo,,
8799,05/08/2022,22/12/2023,18:03:56,007770MA37001,I-RUN,37,PLOMO LIMON CAPSULA,99.00,CAJAMARCA,FRAN,CAJAMARCA,130.00,efectivo,,
9119,21/08/2021,24/12/2023,18:04:04,005963MA36002,NEW ATHLETIC-145,36,PLOMO CELESTE CAPSULA,110.00,CAJAMARCA,CARLITOS,CAJAMARCA,130.00,efectivo,,
8582,30/11/2023,18/12/2023,18:04:05,009880MA34001,KAFEIMAO,34,ROSADO LILA PERILLA,77.00,CAJAMARCA,PAMELA,CAJAMARCA,120.00,efectivo,,
8673,19/12/2023,20/12/2023,18:04:30,009995MA37001,JUTU,37,BLANCO CAPSULA ESCONDIDO,107.00,CAJAMARCA,KEVIN,CAJAMARCA,148.00,electronico,IZIPAY,
8908,26/11/2023,23/12/2023,18:05:10,009875MA38002,IVANO,38,BLANCO BLANCO NUEVO-HUECO,88.00,CAJAMARCA,CARLITOS,CAJAMARCA,120.00,efectivo,,
8674,05/08/2022,20/12/2023,18:06:09,007791MA32001,DROMEDAR,32,BOTIN NEGRO BLANCO-ARCOIRIS,92.00,CAJAMARCA,PAMELA,CAJAMARCA,133.00,efectivo,,
8909,05/12/2023,23/12/2023,18:08:35,009941MA36002,I-RUN,36,BLANCO PLOMO URBANA,97.00,CAJAMARCA,DIEGO,CAJAMARCA,145.00,efectivo,,
9120,17/12/2023,24/12/2023,18:08:38,009289MA35001,DROMEDAR,35,BLANCO AZUL YORDAN,92.00,CAJAMARCA,KEVIN,CAJAMARCA,130.00,efectivo,,
8910,05/12/2023,23/12/2023,18:08:59,009951MA17002,JIANLEXIONG,17,BLANCO VERDE GALLETA,65.00,CAJAMARCA,FRAN,CAJAMARCA,90.00,efectivo,,
8800,30/10/2023,22/12/2023,18:09:23,009827MA33001,VIERI,33,CHINPUM AZULMARINO TURQUESA,86.00,CAJAMARCA,FRAN,CAJAMARCA,125.00,efectivo,,
8729,19/10/2023,21/12/2023,18:09:51,009753MA26001,DORAEMON,26,BOTIN AZUL-CESTE BLANCO,77.00,CAJAMARCA,JACK,CAJAMARCA,110.00,electronico,TRANSFERENCIA AYER,
9121,20/12/2023,24/12/2023,18:10:16,010019MA28002,VADY-KITS,28,BOTIN PLOMO BLANCO-PERILLA,77.00,CAJAMARCA,CARLITOS,CAJAMARCA,110.00,efectivo,,
9182,16/09/2022,25/12/2023,18:10:30,007939MA39002,FEDERLAN,39,HABANO OXIDO GRABADO,80.00,CAJAMARCA,JACK,CAJAMARCA,110.00,electronico,YAPE,
8730,19/12/2023,21/12/2023,18:11:39,010003MA35002,I-FREE,35,AZUL ACERO TODOTERRENO,87.00,CAJAMARCA,JACK,CAJAMARCA,130.00,electronico,TRANSFERENCIA ayer,
8911,20/12/2023,23/12/2023,18:12:42,010029MA30001,DROMEDAR,30,BOTIN NEGRO BLANCO,82.00,CAJAMARCA,CARLITOS,CAJAMARCA,115.00,efectivo,,
8912,20/12/2023,23/12/2023,18:14:12,010010MA40003,I-FREE,40,PLOMO-OSCURO NEGRO TODOTERRENO,98.00,CAJAMARCA,KEVIN,CAJAMARCA,145.00,efectivo,,
8675,05/12/2023,20/12/2023,18:15:10,009956MA30001,AIR RUNNING,30,BOTIN NEGRO ROJO,77.00,CAJAMARCA,CARLITOS,CAJAMARCA,110.00,efectivo,,
8913,05/12/2023,23/12/2023,18:15:44,009957MA28001,AIR RUNNING,28,BOTIN NEGRO BLANCO,77.00,CAJAMARCA,JACK,CAJAMARCA,110.00,efectivo,,
8914,13/07/2023,23/12/2023,18:15:57,009370MA39002,NEW ATHLETIC,39,CHIMPUN TOBILLERA PLOMO-VER,115.00,CAJAMARCA,JACK,CAJAMARCA,150.00,efectivo,,
8915,09/09/2023,23/12/2023,18:16:40,009667MA34001,VIERI,34,ROJO DORADO DEPORTIVO,92.00,CAJAMARCA,FRAN,CAJAMARCA,123.00,efectivo,,
9122,23/06/2023,24/12/2023,18:19:12,009258MA36001,FASHION,36,HUESO ACERO BOTIN,77.00,CAJAMARCA,DIEGO,CAJAMARCA,130.00,efectivo,,
8676,30/11/2023,20/12/2023,18:19:29,009881MA33001,KAFEIMAO,33,BOTIN NEGRO ROJO,77.00,CAJAMARCA,KEVIN,CAJAMARCA,120.00,efectivo,,
8916,20/12/2023,23/12/2023,18:20:20,010022MA28001,CHINITA,28,ROSADO UVA CELESTE,67.00,CAJAMARCA,KEVIN,CAJAMARCA,100.00,efectivo,,
8677,19/12/2023,20/12/2023,18:20:24,009999MA27001,KITS NSEVEN,27,BEIG MARRON URBANO,72.00,CAJAMARCA,KEVIN,CAJAMARCA,105.00,efectivo,,
8801,11/03/2022,22/12/2023,18:20:33,007038MA40002,NEEK,40,BOTIN VERDE NARANJA-BLANCO,111.00,CAJAMARCA,KEVIN,CAJAMARCA,140.00,efectivo,,
9123,20/12/2023,24/12/2023,18:20:43,010033MA41003,DROMEDAR,41,BOTIN BLANCO ROJO-CAPSULA,117.00,CAJAMARCA,CARLITOS,CAJAMARCA,165.00,efectivo,,
9124,18/10/2023,24/12/2023,18:20:57,009745MA30001,AIR RUNNING,30,BOTIN BEIS VERDE,77.00,CAJAMARCA,CARLITOS,CAJAMARCA,110.00,efectivo,,
8623,08/11/2023,19/12/2023,18:20:59,009837MA41001,PUNTO,41,BLANCO-PLOMO NEGRO MEDIO-BOTIN,107.00,CAJAMARCA,DIEGO,CAJAMARCA,150.00,efectivo,,
8731,20/05/2023,21/12/2023,18:21:45,009134MA36003,WALON,36,AZUL NEGRO TOBILLERA,84.00,CAJAMARCA,KEVIN,CAJAMARCA,120.00,efectivo,,
8583,19/10/2023,18/12/2023,18:22:03,009762MA36001,KOREANA JUTU,36,TACON BLANCO CAPSULA,112.00,CAJAMARCA,PAMELA,CAJAMARCA,148.00,electronico,IZIPAY,
8802,02/03/2022,22/12/2023,18:22:27,007005MA40002,NEEK,40,BOTIN BLANCO ROJO-NEGRO,111.00,CAJAMARCA,KEVIN,CAJAMARCA,140.00,efectivo,,
8678,25/07/2023,20/12/2023,18:24:29,009457MA34001,DROMEDAR,34,NEGRO ROJO-BLANCO GOMA,92.00,CAJAMARCA,PAMELA,CAJAMARCA,133.00,efectivo,,
8917,20/12/2023,23/12/2023,18:25:04,010029MA26001,DROMEDAR,26,BOTIN NEGRO BLANCO,82.00,CAJAMARCA,CARLITOS,CAJAMARCA,115.00,efectivo,,
8918,01/12/2023,23/12/2023,18:26:53,009898MA36001,DROMEDAR,36,BOTIN NEGRO ROJO,90.00,CAJAMARCA,FRAN,CAJAMARCA,138.00,electronico,YAPE,
8803,01/12/2023,22/12/2023,18:26:55,009891MA24001,KITSS,24,ROSADO LILA GOMA,67.00,CAJAMARCA,JACK,CAJAMARCA,100.00,efectivo,,
8919,01/12/2023,23/12/2023,18:27:15,009909MA40001,ATLETIX,40,BEIG BLANCO URBANA,90.00,CAJAMARCA,JACK,CAJAMARCA,143.00,efectivo,,
8804,30/08/2023,22/12/2023,18:28:13,009630MA42001,ANDALOZ,42,NEGRO NOBUK TACO-BOTIN,85.00,CAJAMARCA,CARLITOS,CAJAMARCA,130.00,efectivo,,
8920,05/12/2023,23/12/2023,18:29:11,009942MA43001,UNTRALON,43,BLANCO BEIG URBANA,98.00,CAJAMARCA,FRAN,CAJAMARCA,150.00,efectivo,,
8921,05/12/2023,23/12/2023,18:29:35,009932MA36003,I-RUN,36,BLANCO ROSADA FIBRA,100.00,CAJAMARCA,CARLITOS,CAJAMARCA,148.00,efectivo,,
9125,11/11/2023,24/12/2023,18:30:53,009856MA37001,NEW ATHLETIC,37,NEGRO LILA-TODO TERRENO,111.00,CAJAMARCA,JACK,CAJAMARCA,153.00,efectivo,,
8922,25/10/2021,23/12/2023,18:32:18,006294MA23001,WE-AIR,23,ROSADO ACERO PEGA,64.00,CAJAMARCA,KEVIN,CAJAMARCA,95.00,efectivo,,
8584,23/07/2022,18/12/2023,18:32:19,007693MA37001,KOREANA JNJ,37,BLANCO PLOMO TACON-ESCONDIDO,95.00,CAJAMARCA,JACK,CAJAMARCA,90.00,efectivo,OFERTA,
8923,16/03/2023,23/12/2023,18:34:07,008883MA37002,GNUZ,37,BLANCO BLANCO NUEVO-ADIDAS,87.00,CAJAMARCA,PAMELA,CAJAMARCA,130.00,electronico,IZIPAY,
8732,05/12/2023,21/12/2023,18:37:54,009936MA36002,I-RUN,36,NEGRO ROSADA MALLA,100.00,CAJAMARCA,CARLITOS,CAJAMARCA,148.00,electronico,IZIPAY,
8679,25/07/2023,20/12/2023,18:38:25,009447MA42002,DROMEDAR,42,NEGRO PLANTA BAJO,120.00,CAJAMARCA,PAMELA,CAJAMARCA,160.00,efectivo,,
8924,19/12/2023,23/12/2023,18:38:56,009991MA35002,ADVENZO,35,NINE BLANCO NEGRO,72.00,CAJAMARCA,CARLITOS,CAJAMARCA,140.00,electronico,YAPE,
8925,19/12/2023,23/12/2023,18:39:17,009988MA35001,ADVENZO,35,NIKE BLANCO BLANCO,72.00,CAJAMARCA,CARLITOS,CAJAMARCA,140.00,electronico,YAPE,
8733,25/11/2023,21/12/2023,18:40:11,009869MA35001,IVANO,35,NEGRO BLANCO NUEVO-HUECO,88.00,CAJAMARCA,CARLITOS,CAJAMARCA,128.00,electronico,IZIPAY,
9126,07/12/2023,24/12/2023,18:41:42,009961MA42001,PUNTO,42,BLANCO NEGRO URBANA-FIBRA,117.00,CAJAMARCA,KEVIN,CAJAMARCA,150.00,efectivo,,
8926,24/06/2023,23/12/2023,18:43:51,009312MA35002,CAT NACIONAL,35,COCOA NOBUK BOTIN,82.00,CAJAMARCA,FRAN,CAJAMARCA,155.00,electronico,IZIPAY,
8585,07/12/2023,18/12/2023,18:43:54,009962MA43001,PUNTO,43,BLANCO PLOMO URBANA-FIBRA,117.00,CAJAMARCA,PAMELA,CAJAMARCA,150.00,efectivo,,
8624,28/10/2023,19/12/2023,18:44:46,009812MA38001,CLIFOR,38,NEGRO PASADOR PUNTOS,82.00,CAJAMARCA,PAMELA,CAJAMARCA,130.00,efectivo,,
9127,21/08/2023,24/12/2023,18:45:06,009579MA37001,NAPOLES,37,MARRON COSIDO MOCASIN,60.00,CAJAMARCA,PAMELA,CAJAMARCA,110.00,efectivo,,
8625,01/05/2023,19/12/2023,18:46:25,009077MA29001,C-DUCK COOL,29,LILA-ROSADA BLANCO GOMA,72.00,CAJAMARCA,PAMELA,CAJAMARCA,90.00,efectivo,,
8805,25/07/2023,22/12/2023,18:48:53,009449MA42003,DROMEDAR,42,NEGRO PLOMO GOMA,120.00,CAJAMARCA,CARLITOS,CAJAMARCA,155.00,electronico,YAPE,
9128,23/12/2023,24/12/2023,18:50:39,010055MA37002,PUNTO,37,NEGRO LILA UVA-VALENCIAGA,110.00,CAJAMARCA,CARLITOS,CAJAMARCA,143.00,efectivo,,
9129,08/08/2023,24/12/2023,18:51:07,009541MA37001,CAMILUH,37,NEGRO LUSTRABLE CIERRE,90.00,CAJAMARCA,KEVIN,CAJAMARCA,130.00,efectivo,,
8734,19/12/2023,21/12/2023,18:51:52,010002MA35002,I-FREE,35,NEGRO NEGRO TODOTERRENO,87.00,CAJAMARCA,JACK,CAJAMARCA,140.00,electronico,YAPE,
9130,29/12/2020,24/12/2023,18:52:05,004882MA37002,I-CAX,37,PLOMO ROSADO CAPSULA,88.00,CAJAMARCA,KEVIN,CAJAMARCA,100.00,efectivo,OFERTA,
8680,08/09/2023,20/12/2023,18:53:06,009656MA37001,VIERI,37,NEGRO DORADO DEPORTIVO,94.00,CAJAMARCA,JACK,CAJAMARCA,120.00,efectivo,,
8681,19/01/2021,20/12/2023,18:53:30,005056MA39001,PUNTO,39,NEGRO NEGRO GOTAS,77.00,CAJAMARCA,CARLITOS,CAJAMARCA,100.00,efectivo,,
8806,05/12/2023,22/12/2023,18:54:33,009948MA34001,KAFEIMAO,34,NEGRO ROJO PERILLA,77.00,CAJAMARCA,FRAN,CAJAMARCA,120.00,efectivo,,
8807,03/12/2023,22/12/2023,18:55:12,009924MA34001,KITSS,34,BOTIN-PERILLA PLOMO NEGRO,90.00,CAJAMARCA,FRAN,CAJAMARCA,120.00,efectivo,,
9131,19/12/2023,24/12/2023,18:55:20,009991MA38001,ADVENZO,38,NINE BLANCO NEGRO,72.00,CAJAMARCA,PAMELA,CAJAMARCA,150.00,electronico,IZIPAY,
8808,31/08/2023,22/12/2023,18:56:01,009639MA41001,FEDERLAN,41,VICUÑA NOBUK BAJO,80.00,CAJAMARCA,KEVIN,CAJAMARCA,125.00,electronico,YAPE,
8809,24/11/2023,22/12/2023,18:56:26,009863MA41002,IVANO,41,NEGRO NEGRO CLASICO,83.00,CAJAMARCA,KEVIN,CAJAMARCA,125.00,electronico,YAPE,
8927,27/07/2023,23/12/2023,18:56:49,009489MA41002,I-FREE,41,NEGRO PLOMO TODOTERRENO,97.00,CAJAMARCA,PAMELA,CAJAMARCA,140.00,efectivo,,
9132,19/07/2023,24/12/2023,18:57:33,009421MA39002,IVANO,39,NEGRO GAMUZA GUINDO-NUEVO,72.00,CAJAMARCA,KEVIN,CAJAMARCA,123.00,efectivo,,
8735,17/03/2022,21/12/2023,18:58:35,007118MA38001,KOREANA,38,PLATAFORMA BLANCO ROSADO,85.00,CAJAMARCA,KEVIN,CAJAMARCA,140.00,electronico,YAPE,
8586,30/11/2023,18/12/2023,19:00:20,009880MA33001,KAFEIMAO,33,ROSADO LILA PERILLA,77.00,CAJAMARCA,CARLITOS,CAJAMARCA,120.00,electronico,YAPE,
8587,20/05/2023,18/12/2023,19:01:29,009134MA36001,WALON,36,AZUL NEGRO TOBILLERA,84.00,CAJAMARCA,CARLITOS,CAJAMARCA,120.00,electronico,YAPE,
8588,11/11/2022,18/12/2023,19:02:02,008211MA40003,WALON,40,NEGRO DORADA GOMA,78.00,CAJAMARCA,CARLITOS,CAJAMARCA,110.00,electronico,YAPE,
8589,03/12/2023,18/12/2023,19:02:31,009923MA35001,I-RUN,35,BLANCO ROSADO MALLA,98.00,CAJAMARCA,CARLITOS,CAJAMARCA,150.00,electronico,YAPE,
8810,30/11/2023,22/12/2023,19:02:56,009884MA34001,KDM,34,AZULINO ROSADA BLANCO-PERILLA,77.00,CAJAMARCA,JACK,CAJAMARCA,120.00,efectivo,,
8811,09/12/2023,22/12/2023,19:03:20,009981MA36001,CONVERT,36,NEGRO NEGRO 126,90.00,CAJAMARCA,JACK,CAJAMARCA,115.00,efectivo,,
8626,01/12/2023,19/12/2023,19:03:52,009910MA37001,ATLETIX,37,BEIG BLANCO URBANA,90.00,CAJAMARCA,PAMELA,CAJAMARCA,138.00,efectivo,,
8928,20/12/2023,23/12/2023,19:04:22,010012MA41002,I-FREE,41,NEGRO-ACERO PLOMO TODOTERRENO,98.00,CAJAMARCA,CARLITOS,CAJAMARCA,144.00,efectivo,,
8627,02/12/2023,19/12/2023,19:05:26,009893MA35001,I-FREE,35,AZUL ACERO TODOTERRENO,87.00,CAJAMARCA,PAMELA,CAJAMARCA,130.00,electronico,YAPE,
8929,14/09/2023,23/12/2023,19:05:30,009679MA38001,COREANA IRUN,38,FUXIA URBANA FIBRA,30.00,CAJAMARCA,KEVIN,CAJAMARCA,35.00,efectivo,,oferta
9133,29/08/2023,24/12/2023,19:05:36,009607MA38001,NEW ATHLETIC,38,PLOMO LILA CAPSULA,120.00,CAJAMARCA,CARLITOS,CAJAMARCA,155.00,efectivo,,
8930,14/02/2023,23/12/2023,19:05:43,008786MA40003,WALON,40,BLANCO PLOMO GOMA,90.00,CAJAMARCA,PAMELA,CAJAMARCA,120.00,efectivo,,
8682,07/12/2023,20/12/2023,19:05:46,009967MA37002,PUNTO,37,BLANCO PLOMO MALLA,115.00,CAJAMARCA,KEVIN,CAJAMARCA,150.00,efectivo,YAPE 90,
8628,01/05/2023,19/12/2023,19:05:50,009066MA38001,UNTRALON,38,PLOMO NARANJA DEPORTIVVO,107.00,CAJAMARCA,PAMELA,CAJAMARCA,140.00,efectivo,,
8629,24/10/2022,19/12/2023,19:07:13,008167MA39003,KALOIS,39,OLIVO-LUSTRABLE COSIDO MOCASIN,92.00,CAJAMARCA,KEVIN,CAJAMARCA,140.00,efectivo,,
8931,23/12/2023,23/12/2023,19:07:31,010057MA33001,PUNTO,33,NEGRO ROSADO UVA-VALENCIAGA,90.00,CAJAMARCA,JACK,CAJAMARCA,133.00,efectivo,,
8683,19/08/2022,20/12/2023,19:07:33,007822MA36001,KOREANA,36,BLANCO NEGRO PLATAFORMA,78.00,CAJAMARCA,KEVIN,CAJAMARCA,120.00,electronico,YAPE,
8932,20/10/2023,23/12/2023,19:08:30,009782MA34002,NEW ATHLETIC,34,CELESTE AMARILLO DEPORTIVO,101.00,CAJAMARCA,KARINA,CAJAMARCA,140.00,electronico,yape,
8630,05/12/2023,19/12/2023,19:09:02,009953MA30001,BEIDITU,30,CREMA BEIG URBANA,69.00,CAJAMARCA,JACK,CAJAMARCA,105.00,efectivo,,
8812,05/12/2023,22/12/2023,19:09:51,009952MA20001,JIANLEXIONG,20,BLANCO ROSADA GALLETAS,65.00,CAJAMARCA,FRAN,CAJAMARCA,100.00,electronico,YAPE,
8933,08/09/2023,23/12/2023,19:10:19,009662MA34001,VIERI,34,AZUL TURQUESA DEPORTIVO,92.00,CAJAMARCA,KARINA,CAJAMARCA,123.00,electronico,yape63 efectivo,
9134,09/12/2023,24/12/2023,19:10:19,009975MA40001,VIERI,40,BLANCO DORADO DEPORTIVO,100.00,CAJAMARCA,KEVIN,CAJAMARCA,130.00,electronico,TRANSFERENCIA,
8813,19/12/2023,22/12/2023,19:10:26,009987MA40002,ADVENZO,40,NIKE BLANCO BLANCO,77.00,CAJAMARCA,FRAN,CAJAMARCA,150.00,electronico,YAPE,
9135,05/07/2023,24/12/2023,19:10:40,009117MA32001,PATRICK,32,TOBILLERA ROJO BLANCO-ADIDAS,77.00,CAJAMARCA,KEVIN,CAJAMARCA,130.00,electronico,TRANSFERENCIA,
8934,25/11/2023,23/12/2023,19:11:15,009869MA34002,IVANO,34,NEGRO BLANCO NUEVO-HUECO,88.00,CAJAMARCA,JACK,CAJAMARCA,120.00,efectivo,,
9136,24/06/2023,24/12/2023,19:11:58,009260MA36001,IRUN,36,AZULMARINO REFORZADO B-GOMA,100.00,CAJAMARCA,FRAN,CAJAMARCA,135.00,electronico,yape,
8935,30/08/2023,23/12/2023,19:13:04,009620MA42001,ANDALOZ,42,PLOMO RATA-NOBUK BOTIN,85.00,CAJAMARCA,CARLITOS,CAJAMARCA,128.00,efectivo,,
8936,17/06/2023,23/12/2023,19:13:29,009233MA42001,ANDALOZ,42,LUCMA NOBUKC BOTIN,88.00,CAJAMARCA,CARLITOS,CAJAMARCA,128.00,efectivo,,
8590,25/07/2023,18/12/2023,19:15:09,009459MA35001,DROMEDAR,35,BLANCO BLANCO GOMA,92.00,CAJAMARCA,CARLITOS,CAJAMARCA,125.00,efectivo,,
8736,10/02/2023,21/12/2023,19:15:28,008757MA39001,UNTRALON,39,AZULMARINO VERDE DEPORTIVO,107.00,CAJAMARCA,PAMELA,CAJAMARCA,120.00,efectivo,,
8937,09/09/2023,23/12/2023,19:16:27,009671MA35001,VIERI,35,NEGRO JADE DEPORTIVO,92.00,CAJAMARCA,FRAN,CAJAMARCA,120.00,efectivo,,
8938,23/03/2023,23/12/2023,19:16:42,008906MA40002,IVANO,40,AZULMARINO BLANCO NUEVO,87.00,CAJAMARCA,FRAN,CAJAMARCA,130.00,efectivo,,
8684,21/08/2023,20/12/2023,19:16:55,009579MA35001,NAPOLES,35,MARRON COSIDO MOCASIN,60.00,CAJAMARCA,JACK,CAJAMARCA,110.00,electronico,YAPE,
8737,05/09/2022,21/12/2023,19:18:01,007889MA40002,WALON,40,NEGRO CAMUFLADO CUERO,85.00,CAJAMARCA,KEVIN,CAJAMARCA,120.00,efectivo,,
8738,06/11/2020,21/12/2023,19:18:25,004510MA23002,MANGUITOS,23,ROSA CUERO,30.00,CAJAMARCA,KEVIN,CAJAMARCA,80.00,efectivo,,
8814,11/11/2023,22/12/2023,19:18:37,009851MA41001,NEW ATHLETIC,41,NEGRO PLOMO TO-TERRENO,112.00,CAJAMARCA,CARLITOS,CAJAMARCA,154.00,electronico,YAPE,
9137,09/02/2023,24/12/2023,19:18:48,008709MA32001,YOMAX,32,VERDE PLOMO MALLA,82.00,CAJAMARCA,CARLITOS,CAJAMARCA,120.00,efectivo,,
8685,07/12/2023,20/12/2023,19:19:33,009962MA40002,PUNTO,40,BLANCO PLOMO URBANA-FIBRA,117.00,CAJAMARCA,CARLITOS,CAJAMARCA,150.00,efectivo,,
8815,18/10/2023,22/12/2023,19:19:55,009733MA39001,I-RUN,39,PLOMO NARANJA GOMA,87.00,CAJAMARCA,CARLITOS,CAJAMARCA,138.00,efectivo,,
8939,19/11/2022,23/12/2023,19:20:25,008239MA39001,NEW ATHLETIC,39,CHIMPUN CELESTE VERDE,117.00,CAJAMARCA,CARLITOS,CAJAMARCA,149.00,efectivo,,
8940,23/12/2023,23/12/2023,19:20:58,009436MA36001,I-FREE,36,NEGRO NEGRO TODOTERRENO,97.00,CAJAMARCA,PAMELA,CAJAMARCA,140.00,efectivo,,
8816,03/12/2023,22/12/2023,19:21:10,009926MA31001,AIR RUNNING,31,BOTIN NEGRO VERDE-BEIS,72.00,CAJAMARCA,PAMELA,CAJAMARCA,110.00,efectivo,,
8817,19/10/2023,22/12/2023,19:21:27,009770MA37002,I-RUN,37,NEGRO BLANCO FIBRA,102.00,CAJAMARCA,PAMELA,CAJAMARCA,150.00,efectivo,,
8941,20/12/2023,23/12/2023,19:22:33,010022MA24001,CHINITA,24,ROSADO UVA CELESTE,67.00,CAJAMARCA,PAMELA,CAJAMARCA,100.00,efectivo,,
9138,06/12/2023,24/12/2023,19:23:22,009878MA23001,VABUDOG,23,NEGRO PLOMO ROSADA,67.00,CAJAMARCA,CARLITOS,CAJAMARCA,105.00,efectivo,,
8818,24/06/2023,22/12/2023,19:24:07,009298MA36002,NEW ATHLETIC,36,NEGRO BLANCO ROSADA,118.00,CAJAMARCA,FRAN,CAJAMARCA,150.00,efectivo,,
8686,20/12/2023,20/12/2023,19:24:28,010012MA40001,I-FREE,40,NEGRO-ACERO PLOMO TODOTERRENO,98.00,CAJAMARCA,DORA,CAJAMARCA,150.00,efectivo,cambio,
9139,24/06/2023,24/12/2023,19:28:34,009301MA36001,NEW ATHLETIC,36,BLANCO BLANCO PLOMO,118.00,CAJAMARCA,KEVIN,CAJAMARCA,140.00,electronico,yape,
8942,21/08/2021,23/12/2023,19:28:41,005960MA38001,NEW ATHLETIC-135,38,PALO ROSA CAPSULA,100.00,CAJAMARCA,KEVIN,CAJAMARCA,154.00,efectivo,,
8739,05/12/2023,21/12/2023,19:29:02,009935MA40001,I-RUN,40,NEGRO BLANCO MALLA,100.00,CAJAMARCA,CARLITOS,CAJAMARCA,145.00,electronico,YAPE,
8943,04/06/2021,23/12/2023,19:29:06,005571MA37001,IRUN,37,BEIG LILA CAPSULA,97.00,CAJAMARCA,KEVIN,CAJAMARCA,130.00,efectivo,,
8819,24/06/2023,22/12/2023,19:33:03,009294MA36002,UNTRALON,36,NEGRO BLNCO URBANO,110.00,CAJAMARCA,JACK,CAJAMARCA,140.00,efectivo,,
9140,16/09/2022,24/12/2023,19:35:47,007929MA41001,FEDERLAN,41,BOTIN ORO-JAMAICA GRABADO,86.00,CAJAMARCA,KEVIN,CAJAMARCA,130.00,efectivo,,
8687,23/07/2022,20/12/2023,19:37:50,007716MA22001,MANGUITOS,22,PALO ROSA BOTIN,44.00,CAJAMARCA,KEVIN,CAJAMARCA,70.00,efectivo,,
8820,17/06/2023,22/12/2023,19:37:58,009229MA40002,UNDER MACK,40,BOTIN PUMA AZUL,96.00,CAJAMARCA,PAMELA,CAJAMARCA,150.00,efectivo,,
8944,03/12/2023,23/12/2023,19:39:19,009928MA24001,MINI MIFEI,24,VERDEAGUA PLOMO BEIG,68.00,CAJAMARCA,PAMELA,CAJAMARCA,105.00,efectivo,,
8740,20/12/2023,21/12/2023,19:42:52,010032MA40003,DROMEDAR,40,BOTIN BLANCO AZUL-CAPSULA,117.00,CAJAMARCA,PAMELA,CAJAMARCA,165.00,electronico,YAPE,
8741,30/03/2021,21/12/2023,19:44:02,005408MA42001,WALON,42,DEPORTIVO ROJO CAMUFLADO,77.00,CAJAMARCA,KEVIN,CAJAMARCA,108.00,efectivo,,
8742,10/04/2021,21/12/2023,19:44:53,005452MA32001,KEMPO,32,BOTIN JAMAICA CAT,48.00,CAJAMARCA,JACK,CAJAMARCA,88.00,efectivo,,
9141,25/07/2023,24/12/2023,19:45:14,009458MA36001,DROMEDAR,36,NEGRO BLANCO GOMA,92.00,CAJAMARCA,PAMELA,CAJAMARCA,130.00,efectivo,,
8945,18/10/2023,23/12/2023,19:45:44,009740MA41001,NEW ATHLETIC,41,BLANCO BLANCO REBOK,75.00,CAJAMARCA,CARLITOS,CAJAMARCA,130.00,electronico,YAPE,
8688,08/11/2023,20/12/2023,19:47:49,009846MA37002,PUNTO,37,NEGRO PLOMO PREMIUN,109.00,CAJAMARCA,CARLITOS,CAJAMARCA,145.00,efectivo,,
8946,25/07/2023,23/12/2023,19:48:20,009451MA41001,DROMEDAR,41,NEGRO BLANCO GOMA,120.00,CAJAMARCA,KEVIN,CAJAMARCA,158.00,efectivo,,
8743,08/11/2023,21/12/2023,19:48:55,009843MA41002,PUNTO,41,HUESO VERDE PREMIUN,109.00,CAJAMARCA,CARLITOS,CAJAMARCA,150.00,electronico,YAPE,
8591,06/12/2021,18/12/2023,19:49:45,006455MA36003,IVANO,36,NEGRO NEGRO CLASICO,77.00,CAJAMARCA,CARLITOS,CAJAMARCA,110.00,efectivo,,
8592,20/04/2019,18/12/2023,19:50:41,000242-IVA36CAJ03,IVANO,36,VANS ACERO,75.00,CAJAMARCA,CARLITOS,CAJAMARCA,60.00,efectivo,OFERTA,
8744,07/12/2023,21/12/2023,19:52:47,009968MA38002,PUNTO,38,NEGRO BLANCO URBANA,117.00,CAJAMARCA,JACK,CAJAMARCA,148.00,efectivo,,
8631,19/12/2023,19/12/2023,19:53:37,009998MA30001,KOREANA,30,AZUL CELESTE PERILLA,75.00,CAJAMARCA,JACK,CAJAMARCA,110.00,efectivo,,
8821,24/11/2023,22/12/2023,19:54:47,009861MA39001,IVANO,39,BLANCO BLANCO NIKE,98.00,CAJAMARCA,CARLITOS,CAJAMARCA,140.00,efectivo,,
9142,23/03/2023,24/12/2023,19:55:09,008910MA40002,IVANO,40,BLANCO BLANCO NUEVO,87.00,CAJAMARCA,CARLITOS,CAJAMARCA,130.00,efectivo,,
9143,19/12/2023,24/12/2023,19:55:51,009991MA38003,ADVENZO,38,NINE BLANCO NEGRO,72.00,CAJAMARCA,CARLITOS,CAJAMARCA,140.00,efectivo,,
8632,07/04/2022,19/12/2023,20:00:38,007172MA30001,GNUZ,30,BLANCO CORAZON PLOMO,72.00,CAJAMARCA,JACK,CAJAMARCA,100.00,electronico,YAPE,
8947,20/12/2023,23/12/2023,20:01:28,010011MA41002,I-FREE,41,NEGRO PLOMO TODOTERRENO,98.00,CAJAMARCA,FRAN,CAJAMARCA,144.00,efectivo,,
8689,19/12/2023,20/12/2023,20:01:35,009989MA40001,ADVENZO,40,NIKE BLANCO NEGRO,76.00,CAJAMARCA,DIEGO,CAJAMARCA,150.00,efectivo,regalo,
9144,11/11/2023,24/12/2023,20:02:50,009852MA40002,NEW ATHLETIC,40,VERDE MILITAR TO-TERRENO,112.00,CAJAMARCA,JACK,CAJAMARCA,155.00,efectivo,,
8822,12/11/2021,22/12/2023,20:06:01,006400MA38001,RAGGIO,38,BOTIN RATA ZT-1,114.00,CAJAMARCA,FRAN,CAJAMARCA,190.00,electronico,YAPE,
8593,09/01/2020,18/12/2023,20:06:20,003470MA42001,RAGGIO,42,BAJO MINERO  CUERO,90.00,LORETO,JACK,CAJAMARCA,120.00,efectivo,OFERTA,
8823,05/12/2023,22/12/2023,20:07:39,009939MA38001,I-RUN,38,BLANCO NARANJA MALLA,100.00,CAJAMARCA,KEVIN,CAJAMARCA,145.00,efectivo,,
8948,05/12/2023,23/12/2023,20:08:14,009944MA42001,KOREANA,42,BLANCO CREMA URBANA,102.00,CAJAMARCA,CARLITOS,CAJAMARCA,140.00,efectivo,,
8824,19/12/2023,22/12/2023,20:08:33,009991MA33001,ADVENZO,33,NINE BLANCO NEGRO,72.00,CAJAMARCA,JACK,CAJAMARCA,135.00,efectivo,,
9145,19/12/2023,24/12/2023,20:08:57,010002MA36001,I-FREE,36,NEGRO NEGRO TODOTERRENO,87.00,CAJAMARCA,CARLITOS,CAJAMARCA,130.00,efectivo,,
8949,26/12/2021,23/12/2023,20:10:01,006745MA38002,CAMILUH,38,MARRON LUSTRABLE CIERRE,83.00,CAJAMARCA,JACK,CAJAMARCA,130.00,efectivo,,
8950,27/07/2023,23/12/2023,20:10:31,009484MA37001,I-RUN,37,BLANCO AZUL FIBRA-GOMA,102.00,CAJAMARCA,JACK,CAJAMARCA,148.00,efectivo,,
8951,03/12/2023,23/12/2023,20:12:51,009928MA23001,MINI MIFEI,23,VERDEAGUA PLOMO BEIG,68.00,CAJAMARCA,CARLITOS,CAJAMARCA,100.00,efectivo,,
8690,22/07/2022,20/12/2023,20:13:42,007660MA40001,DROMEDAR,40,AZUL BLANCO TEJIDO,87.00,CAJAMARCA,JACK,CAJAMARCA,130.00,efectivo,,
8952,25/07/2023,23/12/2023,20:14:46,009454MA34001,DROMEDAR,34,BLANCO AZUL GOMA,92.00,CAJAMARCA,PAMELA,CAJAMARCA,138.00,electronico,IZIPAY -3 efectivo,
8825,01/12/2023,22/12/2023,20:15:05,009906MA37001,NEW ATHLETIC,37,BOTIN BLANCO ROJO-NEGRO,120.00,CAJAMARCA,PAMELA,CAJAMARCA,160.00,efectivo,,
8953,20/12/2023,23/12/2023,20:15:41,010009MA39001,I-FREE,39,PLOMO PLOMO TODOTERRENO,98.00,CAJAMARCA,KEVIN,CAJAMARCA,144.00,efectivo,,
8954,21/10/2022,23/12/2023,20:16:46,008101MA38001,YOU,38,BLANCO ROSADO PLOMO,111.00,CAJAMARCA,JACK,CAJAMARCA,143.00,efectivo,,
8955,28/08/2023,23/12/2023,20:17:21,009591MA26002,JIMIPAND,26,ROSADA PLOMO OJITOS,70.00,CAJAMARCA,FRAN,CAJAMARCA,100.00,efectivo,,
8594,07/01/2020,18/12/2023,20:17:28,003391MA43001,RAGGIO,43,BAJO VESTIR OXIDO,80.00,LORETO,KEVIN,CAJAMARCA,100.00,efectivo,OFERTA,
8595,11/11/2022,18/12/2023,20:17:51,008213MA40005,WALON,40,NEGRO CELESTE GOMA,78.00,CAJAMARCA,JACK,CAJAMARCA,125.00,electronico,IZIPAY,
8956,20/12/2023,23/12/2023,20:20:15,010013MA39001,I-FREE,39,NEGRO PLOMO TODOTERRENO,98.00,CAJAMARCA,KEVIN,CAJAMARCA,144.00,efectivo,,
8633,18/10/2023,19/12/2023,20:20:54,009730MA36002,WALKING,36,HUESO NARANJA URBANA,90.00,CAJAMARCA,KEVIN,CAJAMARCA,140.00,efectivo,,
8634,11/11/2023,19/12/2023,20:22:38,009850MA41001,NEW ATHLETIC,41,NEGRO NEGRO TO-TERRENO,112.00,CAJAMARCA,JACK,CAJAMARCA,154.00,efectivo,,
8957,31/07/2021,23/12/2023,20:25:19,005892MA40003,NIKE NACIONAL-115,40,AZUL CUERO NIKE,65.00,CAJAMARCA,CARLITOS,CAJAMARCA,115.00,efectivo,,
9146,03/12/2023,24/12/2023,20:28:18,009917MA29001,I-RUN,29,AZUL BLANCO ROSADO,72.00,CAJAMARCA,FRAN,CAJAMARCA,105.00,efectivo,,
9147,10/02/2023,24/12/2023,20:28:31,008720MA36002,YOU,36,BLAN-ROSA CELESTE VERDE-URBANA,101.00,CAJAMARCA,FRAN,CAJAMARCA,140.00,efectivo,,
8691,08/11/2023,20/12/2023,20:29:13,009843MA40002,PUNTO,40,HUESO VERDE PREMIUN,109.00,CAJAMARCA,CARLITOS,CAJAMARCA,150.00,efectivo,,
8826,24/11/2023,22/12/2023,20:29:25,009860MA41002,IVANO,41,NEGRO BLANCO NUEVO-PICADO,88.00,CAJAMARCA,KEVIN,CAJAMARCA,130.00,efectivo,,
8635,05/12/2023,19/12/2023,20:30:38,009940MA36001,I-RUN,36,NEGRO BLANCO MALLA,100.00,CAJAMARCA,KEVIN,CAJAMARCA,145.00,efectivo,,
8827,25/10/2022,22/12/2023,20:31:55,008169MA39003,ANDALOZ,39,NEGRO NOBUK TACO,82.00,CAJAMARCA,PAMELA,CAJAMARCA,120.00,efectivo,,
8596,30/08/2023,18/12/2023,20:33:44,009621MA41001,ANDALOZ,41,PLOMO-RATA NOBUK TACO-BOTIN,85.00,CAJAMARCA,KEVIN,CAJAMARCA,130.00,efectivo,,
8692,20/12/2023,20/12/2023,20:35:14,010014MA32002,IVANO,32,BOTIN NEGRO NEGRO,77.00,CAJAMARCA,CARLITOS,CAJAMARCA,120.00,electronico,IZIPAY,
8693,28/07/2023,20/12/2023,20:35:51,009515MA29002,VIERI,29,ACERO VERDE-LIMON DEPORTIVO,79.00,CAJAMARCA,PAMELA,CAJAMARCA,110.00,efectivo,,
8828,24/11/2023,22/12/2023,20:36:24,009860MA40002,IVANO,40,NEGRO BLANCO NUEVO-PICADO,88.00,CAJAMARCA,KEVIN,CAJAMARCA,128.00,efectivo,,
8694,30/10/2023,20/12/2023,20:36:39,009824MA39002,VIERI,39,NEGRO DORADO ACRILICO,90.00,CAJAMARCA,PAMELA,CAJAMARCA,130.00,efectivo,,
8598,19/07/2023,18/12/2023,20:38:01,009423MA42001,IVANO,42,VERDE-PETRO GAMUZA NUEVO,72.00,CAJAMARCA,DORA,CAJAMARCA,100.00,electronico,cambio,
8829,31/05/2023,22/12/2023,20:43:13,009192MA40002,KLOUIS,40,NEGRO LUSTRABLE GOMA-BOTIN,97.00,CAJAMARCA,FRAN,CAJAMARCA,150.00,efectivo,,
8830,28/10/2023,22/12/2023,20:43:33,009815MA40001,CLIFOR,40,NEGRO-LUSTRABLE COSIDO PASADOR,92.00,CAJAMARCA,FRAN,CAJAMARCA,120.00,efectivo,,
9148,30/11/2023,24/12/2023,20:43:33,009881MA37001,KAFEIMAO,37,BOTIN NEGRO ROJO,77.00,CAJAMARCA,CARLITOS,CAJAMARCA,120.00,efectivo,,
9149,30/09/2022,24/12/2023,20:46:10,008033MA38001,KOREANA,38,BLANCO PLATAFORMA URBANA,77.00,CAJAMARCA,JACK,CAJAMARCA,110.00,efectivo,,
8958,19/12/2023,23/12/2023,20:47:21,009987MA39002,ADVENZO,39,NIKE BLANCO BLANCO,77.00,CAJAMARCA,CARLITOS,CAJAMARCA,135.00,efectivo,,
8959,19/12/2023,23/12/2023,20:47:37,009988MA37001,ADVENZO,37,NIKE BLANCO BLANCO,72.00,CAJAMARCA,CARLITOS,CAJAMARCA,135.00,efectivo,,
8960,31/08/2023,23/12/2023,20:48:09,009647MA39001,ANDALOZ,39,NEGRO-NOBUK GUINDO CORRIDO,80.00,CAJAMARCA,JACK,CAJAMARCA,120.00,efectivo,,
8961,19/07/2023,23/12/2023,20:48:22,009423MA39001,IVANO,39,VERDE-PETRO GAMUZA NUEVO,72.00,CAJAMARCA,JACK,CAJAMARCA,120.00,efectivo,,
8745,04/09/2021,21/12/2023,20:51:31,006135MA41001,PUMA NACIONAL,41,NEGRO BLANCO URBANA,52.00,CAJAMARCA,KEVIN,CAJAMARCA,60.00,efectivo,,
9150,19/12/2023,24/12/2023,20:51:34,009987MA40001,ADVENZO,40,NIKE BLANCO BLANCO,77.00,CAJAMARCA,DIEGO,CAJAMARCA,100.00,efectivo,,
8746,15/09/2023,21/12/2023,20:52:06,009686MA42001,TNNG,42,BOTIN PLOMO FIBRA,50.00,CAJAMARCA,KEVIN,CAJAMARCA,40.00,efectivo,,oferta
8962,07/12/2023,23/12/2023,20:53:27,009961MA41001,PUNTO,41,BLANCO NEGRO URBANA-FIBRA,117.00,CAJAMARCA,KEVIN,CAJAMARCA,150.00,efectivo,,
9151,19/07/2023,24/12/2023,20:53:43,009422MA39003,IVANO,39,VERDE BEIG GAMUZA-NUEVO,72.00,CAJAMARCA,CARLITOS,CAJAMARCA,118.00,efectivo,,
9152,05/12/2023,24/12/2023,20:55:37,009940MA38001,I-RUN,38,NEGRO BLANCO MALLA,100.00,CAJAMARCA,PAMELA,CAJAMARCA,110.00,efectivo,,
8831,28/10/2023,22/12/2023,20:59:23,009819MA40001,CONVERT,40,AZUL BLANCO GOMA,97.00,CAJAMARCA,CARLITOS,CAJAMARCA,132.00,efectivo,,
9153,05/12/2023,24/12/2023,21:00:24,009953MA29001,BEIDITU,29,CREMA BEIG URBANA,69.00,CAJAMARCA,KEVIN,CAJAMARCA,105.00,efectivo,,
9154,06/06/2022,24/12/2023,21:00:50,007465MA36001,PUNTO,36,ROSADO TEJIDO GOMA,77.00,CAJAMARCA,KEVIN,CAJAMARCA,120.00,efectivo,,
8963,20/12/2023,23/12/2023,21:01:18,010010MA40002,I-FREE,40,PLOMO-OSCURO NEGRO TODOTERRENO,98.00,CAJAMARCA,KEVIN,CAJAMARCA,145.00,efectivo,,
8832,21/12/2021,22/12/2023,21:01:57,006642MA39001,KALOIS,39,MIEL-MARRON MIEL GOMA,82.00,CAJAMARCA,KEVIN,CAJAMARCA,160.00,efectivo,,
8747,25/11/2023,21/12/2023,21:07:14,009871MA38001,IVANO,38,NEGRO BLANCO CLASICO,77.00,CAJAMARCA,KEVIN,CAJAMARCA,120.00,efectivo,,
8748,23/12/2021,21/12/2023,21:08:17,005204MA36005,IVANO,36,AZUL BLANCO URBANA,77.00,CAJAMARCA,KEVIN,CAJAMARCA,115.00,efectivo,,
8965,16/09/2022,23/12/2023,21:10:56,007954MA32001,BABODOG JHUNIOR,32,NEGRO ROJO GOMA,77.00,CAJAMARCA,JACK,CAJAMARCA,123.00,efectivo,CAMBIO,
9155,20/12/2023,24/12/2023,21:17:54,010033MA40001,DROMEDAR,40,BOTIN BLANCO ROJO-CAPSULA,117.00,CAJAMARCA,CARLITOS,CAJAMARCA,160.00,efectivo,,
